Reg No,Name,Year,Semester,Email,CGPA,Password
231FA0001,Student_1,3,2,student1@college.edu,5.5845,mOj7CDJ7
231FA0002,Student_2,4,1,student2@college.edu,9.6992,JX00c3aY
231FA0003,Student_3,1,2,student3@college.edu,8.1385,uN7WeypJ
231FA0004,Student_4,3,2,student4@college.edu,6.6745,1WTGxq6a
231FA0005,Student_5,3,1,student5@college.edu,5.6964,Hg3ozQrQ
231FA0006,Student_6,4,2,student6@college.edu,8.9701,Mtu3Md1k
231FA0007,Student_7,1,2,student7@college.edu,8.1004,MtDIxVeS
231FA0008,Student_8,1,1,student8@college.edu,7.6673,oq9vYY9T
231FA0009,Student_9,3,2,student9@college.edu,9.4695,VJKpQFVo
231FA0010,Student_10,2,2,student10@college.edu,8.943,t3h4AaJ8
231FA0011,Student_11,3,2,student11@college.edu,5.7584,oFtxIjCe
231FA0012,Student_12,3,2,student12@college.edu,6.5586,X2Gwz7N4
231FA0013,Student_13,3,1,student13@college.edu,6.2424,hzIU8ZmB
231FA0014,Student_14,3,2,student14@college.edu,8.7197,KwdlbYWg
231FA0015,Student_15,4,1,student15@college.edu,5.1677,G18lbbde
231FA0016,Student_16,1,1,student16@college.edu,7.8494,KKjz2MN2
231FA0017,Student_17,4,2,student17@college.edu,8.8123,g2ut67Y7
231FA0018,Student_18,4,1,student18@college.edu,9.3838,Xux9UV1l
231FA0019,Student_19,4,1,student19@college.edu,6.7104,HWlpKBAx
231FA0020,Student_20,3,1,student20@college.edu,9.1063,bxxaD2u5
231FA0021,Student_21,2,2,student21@college.edu,5.5532,sClAyPST
231FA0022,Student_22,1,2,student22@college.edu,9.2323,OdcqQNs9
231FA0023,Student_23,2,2,student23@college.edu,5.6374,VI6LmXTd
231FA0024,Student_24,4,1,student24@college.edu,6.9864,IQ23fFvo
231FA0025,Student_25,4,1,student25@college.edu,8.9865,CsakHSDm
231FA0026,Student_26,2,2,student26@college.edu,5.7496,4JCaUt9H
231FA0027,Student_27,2,1,student27@college.edu,6.1463,K6gfyrJH
231FA0028,Student_28,2,1,student28@college.edu,8.6113,jr1n1XH3
231FA0029,Student_29,4,1,student29@college.edu,8.6002,U0VozUre
231FA0030,Student_30,4,2,student30@college.edu,8.2057,QGfJySrl
231FA0031,Student_31,1,2,student31@college.edu,8.4697,c8v4PlWC
231FA0032,Student_32,1,2,student32@college.edu,7.7136,2dBr35j4
231FA0033,Student_33,4,1,student33@college.edu,6.259,N3XF4xlO
231FA0034,Student_34,2,2,student34@college.edu,6.7285,d756CbWQ
231FA0035,Student_35,2,1,student35@college.edu,5.908,YU4GBU9T
231FA0036,Student_36,1,2,student36@college.edu,9.5423,LV9mmGbu
231FA0037,Student_37,4,2,student37@college.edu,7.917,yvQT1wT7
231FA0038,Student_38,1,1,student38@college.edu,7.0043,dRELMJx3
231FA0039,Student_39,1,2,student39@college.edu,7.31,gZI3abBj
231FA0040,Student_40,3,1,student40@college.edu,9.7364,WwGMXRbC
231FA0041,Student_41,3,2,student41@college.edu,5.7668,8iojU5U1
231FA0042,Student_42,3,2,student42@college.edu,7.9311,rqLA4XdE
231FA0043,Student_43,2,1,student43@college.edu,7.5294,kFAjg0nA
231FA0044,Student_44,4,1,student44@college.edu,8.0573,mQlXHS0D
231FA0045,Student_45,4,1,student45@college.edu,5.0906,BoiGk6KB
231FA0046,Student_46,4,2,student46@college.edu,9.3606,OByizeAk
231FA0047,Student_47,4,2,student47@college.edu,9.6606,JVjUTVSi
231FA0048,Student_48,3,2,student48@college.edu,7.8257,s2NyO5DN
231FA0049,Student_49,2,1,student49@college.edu,8.4833,sqoy5iCb
231FA0050,Student_50,2,2,student50@college.edu,9.6125,fZXMLKVQ
231FA0051,Student_51,3,1,student51@college.edu,8.5362,VcznApak
231FA0052,Student_52,2,1,student52@college.edu,5.7627,TcJ0070t
231FA0053,Student_53,3,1,student53@college.edu,7.8814,liHQJllq
231FA0054,Student_54,4,2,student54@college.edu,8.0336,rXDuTlKO
231FA0055,Student_55,3,1,student55@college.edu,7.1207,Z9x60wMZ
231FA0056,Student_56,4,1,student56@college.edu,8.6822,aPVr56xV
231FA0057,Student_57,4,2,student57@college.edu,9.6718,tu57i5EH
231FA0058,Student_58,1,1,student58@college.edu,9.6278,X3L855v1
231FA0059,Student_59,3,1,student59@college.edu,7.2542,q2OqI25R
231FA0060,Student_60,1,1,student60@college.edu,5.5662,R0DCHqDi
231FA0061,Student_61,3,1,student61@college.edu,9.9242,rrWEfOgF
231FA0062,Student_62,3,1,student62@college.edu,9.1945,Lg4coJsb
231FA0063,Student_63,1,2,student63@college.edu,5.6233,ZSZN9Y7y
231FA0064,Student_64,1,1,student64@college.edu,9.6042,XZkvjViV
231FA0065,Student_65,3,2,student65@college.edu,9.3495,Z7nfQzr3
231FA0066,Student_66,2,1,student66@college.edu,7.5942,2LWIcq2K
231FA0067,Student_67,4,1,student67@college.edu,7.9564,nYJndTuD
231FA0068,Student_68,1,2,student68@college.edu,6.995,uawz29vw
231FA0069,Student_69,4,2,student69@college.edu,5.2738,3iQeDzza
231FA0070,Student_70,2,1,student70@college.edu,6.676,Otsn1lJU
231FA0071,Student_71,2,1,student71@college.edu,9.0143,WMBU0NNK
231FA0072,Student_72,2,2,student72@college.edu,5.0232,0ClBnAyN
231FA0073,Student_73,1,2,student73@college.edu,6.6675,8KiNA7rx
231FA0074,Student_74,2,2,student74@college.edu,6.9908,OChH8RE6
231FA0075,Student_75,1,2,student75@college.edu,7.687,cmlDA5Ls
231FA0076,Student_76,2,1,student76@college.edu,9.5993,Yfj64pG2
231FA0077,Student_77,4,2,student77@college.edu,6.7317,svtXEaci
231FA0078,Student_78,4,2,student78@college.edu,6.7348,wNrBfXGW
231FA0079,Student_79,3,1,student79@college.edu,8.6875,B0o8OXpW
231FA0080,Student_80,4,1,student80@college.edu,7.2611,wPJSD6uo
231FA0081,Student_81,3,1,student81@college.edu,6.123,lkUmkr2t
231FA0082,Student_82,4,1,student82@college.edu,7.2622,GlfbDCp8
231FA0083,Student_83,1,1,student83@college.edu,5.7043,eyfPMbJL
231FA0084,Student_84,4,2,student84@college.edu,5.8819,M7Pfcwat
231FA0085,Student_85,3,1,student85@college.edu,7.4918,Txnsjbbl
231FA0086,Student_86,3,1,student86@college.edu,7.0946,b7jMxjRf
231FA0087,Student_87,2,2,student87@college.edu,9.5742,M1j8fqwz
231FA0088,Student_88,1,2,student88@college.edu,6.812,wARVpX91
231FA0089,Student_89,4,2,student89@college.edu,7.9029,fTo9UTIJ
231FA0090,Student_90,2,2,student90@college.edu,8.1613,iPtrbunq
231FA0091,Student_91,4,2,student91@college.edu,5.0655,2E4UVcGB
231FA0092,Student_92,4,2,student92@college.edu,8.3177,KPf0ZmkJ
231FA0093,Student_93,2,1,student93@college.edu,5.8902,PNot3N82
231FA0094,Student_94,2,1,student94@college.edu,9.8054,vLUZUuUk
231FA0095,Student_95,2,2,student95@college.edu,5.7433,bb8LPB8f
231FA0096,Student_96,2,2,student96@college.edu,7.0731,pKbO39Va
231FA0097,Student_97,2,1,student97@college.edu,5.4267,Uw9VSN6v
231FA0098,Student_98,4,2,student98@college.edu,9.9844,4WGC8kIt
231FA0099,Student_99,2,2,student99@college.edu,7.511,eTrlxIeS
231FA0100,Student_100,1,2,student100@college.edu,7.9769,mAABuD6k
231FA0101,Student_101,3,1,student101@college.edu,5.3354,W0Iq3Z3B
231FA0102,Student_102,2,1,student102@college.edu,8.7498,pvjWddAD
231FA0103,Student_103,2,1,student103@college.edu,6.0495,nhDOSGVA
231FA0104,Student_104,4,1,student104@college.edu,9.4903,rkZgexBr
231FA0105,Student_105,2,1,student105@college.edu,6.0257,qxgPS7en
231FA0106,Student_106,2,2,student106@college.edu,5.9534,yGOlGmi9
231FA0107,Student_107,2,1,student107@college.edu,5.1827,9EVIJZ3m
231FA0108,Student_108,4,2,student108@college.edu,7.3603,pm6C0mv5
231FA0109,Student_109,2,1,student109@college.edu,7.8242,bOaQw3z9
231FA0110,Student_110,3,2,student110@college.edu,5.3285,aKcAb6Je
231FA0111,Student_111,4,2,student111@college.edu,8.8776,Fh3im8AQ
231FA0112,Student_112,3,1,student112@college.edu,7.2664,0OaLgkSH
231FA0113,Student_113,4,1,student113@college.edu,7.622,ePwvm5Gf
231FA0114,Student_114,2,1,student114@college.edu,7.2038,tbUljDtj
231FA0115,Student_115,3,1,student115@college.edu,7.0038,WDQn2qFa
231FA0116,Student_116,4,1,student116@college.edu,7.7982,088twPAD
231FA0117,Student_117,1,2,student117@college.edu,5.7762,SkqNVFAc
231FA0118,Student_118,2,2,student118@college.edu,5.9096,IXWUkAiG
231FA0119,Student_119,4,1,student119@college.edu,9.3089,4ux4BjRo
231FA0120,Student_120,1,1,student120@college.edu,9.7306,ASiiS5nr
231FA0121,Student_121,4,2,student121@college.edu,6.8665,ab3sh3tM
231FA0122,Student_122,1,1,student122@college.edu,6.3537,ZKuWu6qo
231FA0123,Student_123,2,2,student123@college.edu,8.22,1FOss1bC
231FA0124,Student_124,3,1,student124@college.edu,7.0437,VUKkn0FQ
231FA0125,Student_125,1,1,student125@college.edu,5.1269,V662Kn9z
231FA0126,Student_126,4,2,student126@college.edu,5.7808,Iaf3aISV
231FA0127,Student_127,2,2,student127@college.edu,8.5799,4SM6YG5P
231FA0128,Student_128,1,2,student128@college.edu,8.2946,J81sEfhr
231FA0129,Student_129,4,2,student129@college.edu,5.1355,Cg490L6Z
231FA0130,Student_130,4,1,student130@college.edu,6.1099,TY3RTQuj
231FA0131,Student_131,4,1,student131@college.edu,6.1554,glBmqWH7
231FA0132,Student_132,1,2,student132@college.edu,8.3595,Gucxh5cJ
231FA0133,Student_133,1,1,student133@college.edu,5.0986,7yWhvh4T
231FA0134,Student_134,1,2,student134@college.edu,5.5205,nQxJiDsi
231FA0135,Student_135,3,1,student135@college.edu,8.9996,lwrwpQfa
231FA0136,Student_136,1,2,student136@college.edu,5.8927,dccIdnNQ
231FA0137,Student_137,1,2,student137@college.edu,8.2637,QXiea3Kf
231FA0138,Student_138,1,2,student138@college.edu,6.1909,su1L6t1h
231FA0139,Student_139,3,2,student139@college.edu,5.4972,y3kYPcx0
231FA0140,Student_140,1,2,student140@college.edu,6.2159,6Op3PQZV
231FA0141,Student_141,4,2,student141@college.edu,8.6113,J9hrgVVg
231FA0142,Student_142,1,1,student142@college.edu,9.2785,TDyoAlaU
231FA0143,Student_143,4,2,student143@college.edu,9.1511,YkbGEzrD
231FA0144,Student_144,4,2,student144@college.edu,6.9859,9Ms6eJz0
231FA0145,Student_145,4,2,student145@college.edu,8.3404,tzwiqTkX
231FA0146,Student_146,3,1,student146@college.edu,6.0249,qx5w7LYC
231FA0147,Student_147,3,1,student147@college.edu,6.4657,42wouTXa
231FA0148,Student_148,3,1,student148@college.edu,9.4817,RkNXOKCd
231FA0149,Student_149,1,2,student149@college.edu,5.065,JpMlomOr
231FA0150,Student_150,4,1,student150@college.edu,5.4275,25v6rfQQ
231FA0151,Student_151,3,2,student151@college.edu,6.0394,be0hSmdL
231FA0152,Student_152,3,1,student152@college.edu,5.1327,0YXqYbt4
231FA0153,Student_153,1,1,student153@college.edu,5.9072,GtFjlw5f
231FA0154,Student_154,3,2,student154@college.edu,7.9152,5i9pUjAv
231FA0155,Student_155,1,2,student155@college.edu,7.1071,UMXLghJe
231FA0156,Student_156,2,1,student156@college.edu,9.4634,NDpbk40X
231FA0157,Student_157,3,2,student157@college.edu,9.0872,UCN7wF3q
231FA0158,Student_158,2,2,student158@college.edu,6.7091,91DQtxGS
231FA0159,Student_159,1,1,student159@college.edu,6.2971,8XBAyTS5
231FA0160,Student_160,4,2,student160@college.edu,6.8985,XMTGWU17
231FA0161,Student_161,3,2,student161@college.edu,7.9515,nXcLhcw7
231FA0162,Student_162,1,2,student162@college.edu,6.3403,63MBcYGZ
231FA0163,Student_163,4,2,student163@college.edu,8.1207,Ok2JoXm0
231FA0164,Student_164,4,2,student164@college.edu,7.0471,6ikVaIk0
231FA0165,Student_165,2,1,student165@college.edu,7.7602,i6Rx7GJf
231FA0166,Student_166,1,1,student166@college.edu,7.1806,YxGSlecY
231FA0167,Student_167,4,1,student167@college.edu,6.4723,VIIoBHNO
231FA0168,Student_168,3,2,student168@college.edu,9.7423,VcahiM4l
231FA0169,Student_169,3,1,student169@college.edu,8.818,wh3GVHJY
231FA0170,Student_170,2,2,student170@college.edu,5.7006,Lt9M0fEb
231FA0171,Student_171,4,2,student171@college.edu,9.3423,Besft1ZZ
231FA0172,Student_172,1,2,student172@college.edu,7.4372,RKvJEKm8
231FA0173,Student_173,3,1,student173@college.edu,9.4728,4jAixIFg
231FA0174,Student_174,4,1,student174@college.edu,8.9993,ueOCWeiR
231FA0175,Student_175,4,1,student175@college.edu,7.1261,Tg5GsVpD
231FA0176,Student_176,2,1,student176@college.edu,5.1123,AUgnajbQ
231FA0177,Student_177,3,1,student177@college.edu,6.3434,kf74HZ29
231FA0178,Student_178,3,2,student178@college.edu,7.7082,u9fw2SsS
231FA0179,Student_179,1,1,student179@college.edu,8.1674,7HeOkNQI
231FA0180,Student_180,3,1,student180@college.edu,6.2894,qTKZDjaB
231FA0181,Student_181,1,1,student181@college.edu,5.6968,EllKKQsy
231FA0182,Student_182,3,2,student182@college.edu,9.1747,T4gIwglK
231FA0183,Student_183,2,1,student183@college.edu,9.922,p4LO6XnD
231FA0184,Student_184,3,2,student184@college.edu,7.6285,Lt9J1ec9
231FA0185,Student_185,1,1,student185@college.edu,5.8584,tC6SjEVn
231FA0186,Student_186,1,2,student186@college.edu,6.3615,uCKbEmYw
231FA0187,Student_187,2,2,student187@college.edu,5.092,DOnmKsAF
231FA0188,Student_188,3,2,student188@college.edu,9.5715,09UjaVZV
231FA0189,Student_189,3,1,student189@college.edu,5.5888,oX9QTLpT
231FA0190,Student_190,2,2,student190@college.edu,7.8826,ZdP50EXR
231FA0191,Student_191,3,1,student191@college.edu,6.3703,DaoqRItF
231FA0192,Student_192,3,1,student192@college.edu,7.7709,O5WZ1ghn
231FA0193,Student_193,1,2,student193@college.edu,8.2571,z0NssdOj
231FA0194,Student_194,3,1,student194@college.edu,9.1487,aOIGdeEG
231FA0195,Student_195,3,1,student195@college.edu,6.0321,bjYKYJNT
231FA0196,Student_196,2,2,student196@college.edu,5.055,yuh0ueP0
231FA0197,Student_197,2,1,student197@college.edu,5.6844,z6Xu3ghS
231FA0198,Student_198,4,2,student198@college.edu,9.5001,Fsax8O1H
231FA0199,Student_199,1,1,student199@college.edu,9.3695,f07GRERG
231FA0200,Student_200,3,2,student200@college.edu,7.9871,kVDhd2AW
231FA0201,Student_201,3,2,student201@college.edu,8.0026,9vVAs5Rh
231FA0202,Student_202,4,1,student202@college.edu,8.3252,P1kim3ak
231FA0203,Student_203,3,2,student203@college.edu,5.8769,xp8IocnD
231FA0204,Student_204,1,1,student204@college.edu,9.5721,1kRG51rr
231FA0205,Student_205,4,2,student205@college.edu,7.0939,Pf0MGbRS
231FA0206,Student_206,1,1,student206@college.edu,6.9157,HRtMo2hC
231FA0207,Student_207,4,1,student207@college.edu,7.5946,fFpFt1R8
231FA0208,Student_208,4,2,student208@college.edu,5.2348,p4MjHUD1
231FA0209,Student_209,2,2,student209@college.edu,5.8314,IcJtOXSt
231FA0210,Student_210,1,1,student210@college.edu,8.6902,iuFh4AOb
231FA0211,Student_211,3,2,student211@college.edu,5.414,KOGlAGQQ
231FA0212,Student_212,3,1,student212@college.edu,8.0158,Xgan5yIf
231FA0213,Student_213,1,2,student213@college.edu,6.2267,57ziASbm
231FA0214,Student_214,3,2,student214@college.edu,6.9465,kWlCq0gU
231FA0215,Student_215,3,2,student215@college.edu,6.4435,epele9is
231FA0216,Student_216,1,2,student216@college.edu,6.7784,MsuIGS6o
231FA0217,Student_217,4,1,student217@college.edu,8.5952,kWAQO2FP
231FA0218,Student_218,1,1,student218@college.edu,6.4856,bsbQKgFz
231FA0219,Student_219,4,2,student219@college.edu,7.832,4vOOV5sq
231FA0220,Student_220,3,2,student220@college.edu,7.3803,x0pTgMDR
231FA0221,Student_221,3,1,student221@college.edu,8.3184,vdCX1lkq
231FA0222,Student_222,3,2,student222@college.edu,9.6841,Dc2GfXAK
231FA0223,Student_223,2,1,student223@college.edu,8.6629,M4y2Ks1w
231FA0224,Student_224,4,2,student224@college.edu,6.0747,pZ8ThCVN
231FA0225,Student_225,2,1,student225@college.edu,5.1559,BCU7XFk9
231FA0226,Student_226,2,1,student226@college.edu,6.3113,iOyKDeNC
231FA0227,Student_227,1,1,student227@college.edu,7.9754,tbtJARjT
231FA0228,Student_228,2,1,student228@college.edu,5.2571,U2Dw7TqA
231FA0229,Student_229,1,2,student229@college.edu,7.4818,uhNldHVO
231FA0230,Student_230,1,1,student230@college.edu,7.9842,aZr9fzMM
231FA0231,Student_231,2,1,student231@college.edu,6.6712,esp7W6Xt
231FA0232,Student_232,4,1,student232@college.edu,8.8546,gitZJmWk
231FA0233,Student_233,4,2,student233@college.edu,5.533,Ql65diTe
231FA0234,Student_234,4,1,student234@college.edu,5.3757,YhZ0pVJd
231FA0235,Student_235,4,1,student235@college.edu,8.6409,Pf0kKpra
231FA0236,Student_236,4,1,student236@college.edu,7.4775,ldwv2TsN
231FA0237,Student_237,2,1,student237@college.edu,8.442,Nw55TSOz
231FA0238,Student_238,2,2,student238@college.edu,7.1741,7U3apOYn
231FA0239,Student_239,3,2,student239@college.edu,6.232,woP5XxEd
231FA0240,Student_240,4,1,student240@college.edu,9.0955,kDSUHxBQ
231FA0241,Student_241,2,2,student241@college.edu,8.9971,AlJA4p35
231FA0242,Student_242,3,2,student242@college.edu,8.4735,SasS7OLj
231FA0243,Student_243,4,1,student243@college.edu,6.3607,och3eDzq
231FA0244,Student_244,1,2,student244@college.edu,7.9512,v8MS6nlv
231FA0245,Student_245,3,2,student245@college.edu,6.8049,CR9LjNVm
231FA0246,Student_246,2,1,student246@college.edu,5.4579,pNvHX51U
231FA0247,Student_247,1,1,student247@college.edu,9.5866,GqspDAAk
231FA0248,Student_248,1,1,student248@college.edu,5.6841,Pl5hPDcj
231FA0249,Student_249,1,2,student249@college.edu,9.7512,eOVC4KGM
231FA0250,Student_250,3,1,student250@college.edu,7.23,IX0EPyKJ
231FA0251,Student_251,2,2,student251@college.edu,5.9257,e2ZRRzkE
231FA0252,Student_252,1,2,student252@college.edu,7.7095,Vtb8bwLl
231FA0253,Student_253,4,2,student253@college.edu,9.3647,D1UHeq1w
231FA0254,Student_254,1,2,student254@college.edu,8.6611,qGyGkOSA
231FA0255,Student_255,1,1,student255@college.edu,9.0328,TfWfQstg
231FA0256,Student_256,3,1,student256@college.edu,8.2939,UbybDFPr
231FA0257,Student_257,3,1,student257@college.edu,8.4614,Fz3XWJbt
231FA0258,Student_258,2,2,student258@college.edu,9.246,JJBzUhvR
231FA0259,Student_259,4,1,student259@college.edu,6.2483,gUclW4WM
231FA0260,Student_260,3,2,student260@college.edu,7.4471,XIz9lPfs
231FA0261,Student_261,1,1,student261@college.edu,6.106,sTv3FvyZ
231FA0262,Student_262,2,2,student262@college.edu,9.9383,AjlqdUU6
231FA0263,Student_263,1,2,student263@college.edu,9.7203,DG6rTbgg
231FA0264,Student_264,1,1,student264@college.edu,5.1971,Yjvbakja
231FA0265,Student_265,3,1,student265@college.edu,8.5279,eAZf67WL
231FA0266,Student_266,2,1,student266@college.edu,9.6262,0h7ZYd0n
231FA0267,Student_267,4,1,student267@college.edu,5.9029,Pn1Lv8nn
231FA0268,Student_268,4,2,student268@college.edu,7.8397,L5p3LW1G
231FA0269,Student_269,3,1,student269@college.edu,9.5774,VQ0RCPzn
231FA0270,Student_270,3,2,student270@college.edu,5.1697,SNgCXcba
231FA0271,Student_271,2,1,student271@college.edu,8.4871,w0AvDELN
231FA0272,Student_272,4,1,student272@college.edu,6.4867,7CCt7nDm
231FA0273,Student_273,4,2,student273@college.edu,9.622,aYkmwaeS
231FA0274,Student_274,4,2,student274@college.edu,9.8553,VwrF7hbz
231FA0275,Student_275,1,1,student275@college.edu,9.7213,oOYBQn2W
231FA0276,Student_276,4,2,student276@college.edu,7.3711,aPZ1ijgS
231FA0277,Student_277,1,1,student277@college.edu,9.3102,g4Kn1WsM
231FA0278,Student_278,2,1,student278@college.edu,9.2227,K4Bmexlm
231FA0279,Student_279,1,1,student279@college.edu,6.5955,Qtdm5pW8
231FA0280,Student_280,2,2,student280@college.edu,9.1446,oVDTX9I6
231FA0281,Student_281,4,2,student281@college.edu,5.185,PONAaMzQ
231FA0282,Student_282,4,2,student282@college.edu,7.9813,9hjWoqkv
231FA0283,Student_283,2,1,student283@college.edu,6.15,yL7lhDZS
231FA0284,Student_284,3,1,student284@college.edu,5.6028,CbNsIkpI
231FA0285,Student_285,2,2,student285@college.edu,5.3848,dYDlqqdD
231FA0286,Student_286,3,2,student286@college.edu,8.4814,7zcuJ1DI
231FA0287,Student_287,1,2,student287@college.edu,6.6994,ezZdYqBh
231FA0288,Student_288,1,1,student288@college.edu,8.6238,QtdDQQdY
231FA0289,Student_289,1,1,student289@college.edu,5.3268,OyW8V8NN
231FA0290,Student_290,4,2,student290@college.edu,6.5765,MFvfsIiI
231FA0291,Student_291,1,2,student291@college.edu,7.6975,vQtYZCWT
231FA0292,Student_292,3,1,student292@college.edu,8.9536,ROVfttG7
231FA0293,Student_293,1,1,student293@college.edu,6.5938,AF1FGVIz
231FA0294,Student_294,2,1,student294@college.edu,8.1295,vCm6cIYd
231FA0295,Student_295,2,2,student295@college.edu,9.4299,l9VgKpsz
231FA0296,Student_296,4,2,student296@college.edu,8.0793,yjqRgQ5E
231FA0297,Student_297,2,1,student297@college.edu,6.1648,epbGJzQw
231FA0298,Student_298,3,1,student298@college.edu,5.122,fqw3F6Gx
231FA0299,Student_299,1,2,student299@college.edu,9.3505,rwgNl1nz
231FA0300,Student_300,4,1,student300@college.edu,5.1063,vrnWggM5
231FA0301,Student_301,1,1,student301@college.edu,9.3735,RPohBU1K
231FA0302,Student_302,1,2,student302@college.edu,7.6447,WmRXb04i
231FA0303,Student_303,3,1,student303@college.edu,9.6953,t8bCUiFj
231FA0304,Student_304,2,2,student304@college.edu,8.9939,43Y9qndq
231FA0305,Student_305,2,1,student305@college.edu,9.9897,IE7xwLTs
231FA0306,Student_306,1,2,student306@college.edu,6.7536,BvTXqwSV
231FA0307,Student_307,4,2,student307@college.edu,8.8359,WgQ8OyOZ
231FA0308,Student_308,2,1,student308@college.edu,7.0097,2z45GKNh
231FA0309,Student_309,4,1,student309@college.edu,7.3994,MUpKOypY
231FA0310,Student_310,2,1,student310@college.edu,8.1375,wiOTPyaw
231FA0311,Student_311,4,2,student311@college.edu,9.3684,6rQmtHZr
231FA0312,Student_312,3,1,student312@college.edu,9.9204,Mt4NlLpc
231FA0313,Student_313,4,2,student313@college.edu,8.8414,WgChnh3w
231FA0314,Student_314,3,2,student314@college.edu,7.0888,2KkuB6iz
231FA0315,Student_315,3,2,student315@college.edu,7.1068,jceCi2XY
231FA0316,Student_316,4,1,student316@college.edu,8.6879,zdEfEPbc
231FA0317,Student_317,3,2,student317@college.edu,6.1939,6G4TUgp0
231FA0318,Student_318,1,1,student318@college.edu,5.5524,Pm5N1xei
231FA0319,Student_319,3,2,student319@college.edu,6.7731,rlC8AVlG
231FA0320,Student_320,2,2,student320@college.edu,6.4362,eZZXngkg
231FA0321,Student_321,4,1,student321@college.edu,6.4815,GG2EVkWi
231FA0322,Student_322,1,2,student322@college.edu,6.168,j4PBd266
231FA0323,Student_323,4,2,student323@college.edu,5.2105,dxIHBXrJ
231FA0324,Student_324,2,1,student324@college.edu,5.0894,F1ynLuGe
231FA0325,Student_325,2,1,student325@college.edu,9.9386,5pkeFM7I
231FA0326,Student_326,2,2,student326@college.edu,7.1389,JvGsic8K
231FA0327,Student_327,3,2,student327@college.edu,6.9216,zlELQD1e
231FA0328,Student_328,3,1,student328@college.edu,8.3982,pQuHZjRH
231FA0329,Student_329,4,2,student329@college.edu,6.0913,raLNSjF2
231FA0330,Student_330,4,2,student330@college.edu,9.7498,Sl5Yh8ln
231FA0331,Student_331,1,1,student331@college.edu,8.9317,iQUtnREq
231FA0332,Student_332,1,2,student332@college.edu,5.4471,ioYFHtmT
231FA0333,Student_333,4,1,student333@college.edu,7.0879,TIOXwNbi
231FA0334,Student_334,3,1,student334@college.edu,9.3956,djfkWXzO
231FA0335,Student_335,2,2,student335@college.edu,9.7237,mKY3nEUa
231FA0336,Student_336,4,2,student336@college.edu,7.337,OJKJeMdY
231FA0337,Student_337,1,1,student337@college.edu,8.0671,slRNty1A
231FA0338,Student_338,3,2,student338@college.edu,5.8352,pwR6FBVZ
231FA0339,Student_339,4,1,student339@college.edu,9.9558,8ErQ6dTI
231FA0340,Student_340,4,2,student340@college.edu,6.1584,sqyXWTKJ
231FA0341,Student_341,3,1,student341@college.edu,9.7137,068pBRzU
231FA0342,Student_342,4,1,student342@college.edu,8.2482,UmUfadoZ
231FA0343,Student_343,3,1,student343@college.edu,8.0387,1Q6tmK5f
231FA0344,Student_344,2,1,student344@college.edu,7.5634,eZ5Wuff6
231FA0345,Student_345,3,2,student345@college.edu,6.1533,Yt2J4gsF
231FA0346,Student_346,3,1,student346@college.edu,5.8826,EHbGZQWU
231FA0347,Student_347,3,2,student347@college.edu,6.1024,GiUlZ3x9
231FA0348,Student_348,4,1,student348@college.edu,5.9322,3vGwLfBM
231FA0349,Student_349,4,2,student349@college.edu,8.8979,yG9Ct8rD
231FA0350,Student_350,3,2,student350@college.edu,6.7506,G1U5SSLJ
231FA0351,Student_351,4,2,student351@college.edu,5.2892,Gns7LHny
231FA0352,Student_352,1,1,student352@college.edu,9.8455,VaAz8edp
231FA0353,Student_353,1,2,student353@college.edu,9.4189,Ycqe77xT
231FA0354,Student_354,4,2,student354@college.edu,9.6388,rypZSb4P
231FA0355,Student_355,4,1,student355@college.edu,9.9745,In9hnbaT
231FA0356,Student_356,3,2,student356@college.edu,5.8695,CKtnCyir
231FA0357,Student_357,2,1,student357@college.edu,6.9812,ugLzjJYx
231FA0358,Student_358,4,1,student358@college.edu,8.7912,R0QOY3b3
231FA0359,Student_359,1,2,student359@college.edu,8.4801,VqhvsYBl
231FA0360,Student_360,3,1,student360@college.edu,5.7695,rasNblKr
231FA0361,Student_361,4,1,student361@college.edu,9.0792,Wt71uYnd
231FA0362,Student_362,1,2,student362@college.edu,6.1222,uyoqhqtP
231FA0363,Student_363,1,1,student363@college.edu,6.1191,5UeZW91i
231FA0364,Student_364,2,2,student364@college.edu,7.6849,nAl14aJr
231FA0365,Student_365,3,2,student365@college.edu,7.9647,Ewb3Tr05
231FA0366,Student_366,3,1,student366@college.edu,7.9004,JxUMEdOe
231FA0367,Student_367,2,2,student367@college.edu,5.4574,T9B2xt7S
231FA0368,Student_368,2,2,student368@college.edu,9.3873,OG65SEhE
231FA0369,Student_369,3,2,student369@college.edu,6.328,ivE9a6XT
231FA0370,Student_370,3,1,student370@college.edu,5.6476,88lUmSjU
231FA0371,Student_371,4,2,student371@college.edu,9.4437,YKvEIZJ7
231FA0372,Student_372,4,1,student372@college.edu,9.7783,HH8scJiY
231FA0373,Student_373,2,1,student373@college.edu,9.3106,i6SSZtgb
231FA0374,Student_374,4,1,student374@college.edu,9.0476,z1bFJTlt
231FA0375,Student_375,1,2,student375@college.edu,8.2762,qJQl6XqX
231FA0376,Student_376,4,2,student376@college.edu,7.7543,Q1231zCb
231FA0377,Student_377,4,1,student377@college.edu,5.4349,Ab7GpsUa
231FA0378,Student_378,1,2,student378@college.edu,7.0423,TRXEJCz2
231FA0379,Student_379,2,1,student379@college.edu,6.8634,6vQPtG7a
231FA0380,Student_380,1,1,student380@college.edu,6.2988,Q8i8mCyF
231FA0381,Student_381,4,2,student381@college.edu,8.6171,X6Sxzq3s
231FA0382,Student_382,2,2,student382@college.edu,7.4794,w4FTdrgM
231FA0383,Student_383,4,2,student383@college.edu,5.4052,wzE8OZk4
231FA0384,Student_384,1,1,student384@college.edu,6.1009,0jufYFjT
231FA0385,Student_385,1,1,student385@college.edu,8.4163,kie1435x
231FA0386,Student_386,4,1,student386@college.edu,5.3807,XDs527tM
231FA0387,Student_387,3,2,student387@college.edu,9.256,Xak2FrKb
231FA0388,Student_388,3,2,student388@college.edu,7.4757,DrxCYAsk
231FA0389,Student_389,1,2,student389@college.edu,7.4029,k1HOoeQk
231FA0390,Student_390,1,1,student390@college.edu,7.962,LjbGAT02
231FA0391,Student_391,3,1,student391@college.edu,9.1234,2X0hPub7
231FA0392,Student_392,3,2,student392@college.edu,6.739,LIocjYMF
231FA0393,Student_393,4,1,student393@college.edu,8.3901,alTRo4an
231FA0394,Student_394,4,2,student394@college.edu,7.8287,NQCQWuAm
231FA0395,Student_395,3,2,student395@college.edu,6.3351,c5vZK8Ly
231FA0396,Student_396,4,1,student396@college.edu,9.3931,AmAtaAKy
231FA0397,Student_397,4,1,student397@college.edu,8.9871,lEwid4DD
231FA0398,Student_398,2,1,student398@college.edu,8.2923,9IU4BXHO
231FA0399,Student_399,4,1,student399@college.edu,9.2529,61b3ErCi
231FA0400,Student_400,1,1,student400@college.edu,9.3365,53icrYfO
231FA0401,Student_401,4,2,student401@college.edu,8.5418,oaPbwHzk
231FA0402,Student_402,4,1,student402@college.edu,9.1851,7M1exCFY
231FA0403,Student_403,3,1,student403@college.edu,8.4874,21p4UWTM
231FA0404,Student_404,1,2,student404@college.edu,8.4007,v38Cb0In
231FA0405,Student_405,4,2,student405@college.edu,8.0931,1aDGNvmE
231FA0406,Student_406,4,1,student406@college.edu,8.7636,GZWCVFkW
231FA0407,Student_407,2,1,student407@college.edu,5.793,AxccsDXw
231FA0408,Student_408,4,1,student408@college.edu,9.4044,hH2JAOkJ
231FA0409,Student_409,4,2,student409@college.edu,9.3592,5JnG9D5w
231FA0410,Student_410,2,2,student410@college.edu,5.1462,APEEiFGw
231FA0411,Student_411,3,1,student411@college.edu,9.1291,7mtEm0eD
231FA0412,Student_412,4,1,student412@college.edu,5.6443,pBmgxstk
231FA0413,Student_413,2,1,student413@college.edu,6.6756,nWzU26KY
231FA0414,Student_414,1,1,student414@college.edu,8.7175,sWk9oqzl
231FA0415,Student_415,3,2,student415@college.edu,5.8038,GG5rEkRb
231FA0416,Student_416,1,2,student416@college.edu,9.0898,j5wJaDV9
231FA0417,Student_417,1,2,student417@college.edu,9.1607,VAWSSL2Q
231FA0418,Student_418,2,1,student418@college.edu,7.5373,IRIezrca
231FA0419,Student_419,4,2,student419@college.edu,5.0319,QwO2WfR0
231FA0420,Student_420,2,2,student420@college.edu,6.4352,F04y7QSP
231FA0421,Student_421,2,2,student421@college.edu,8.0846,cGq68qI2
231FA0422,Student_422,2,1,student422@college.edu,9.9059,f1POtS3r
231FA0423,Student_423,2,1,student423@college.edu,8.1591,5goxrlGt
231FA0424,Student_424,3,1,student424@college.edu,6.299,bHoZHVdK
231FA0425,Student_425,4,1,student425@college.edu,8.17,L0E3SImJ
231FA0426,Student_426,1,2,student426@college.edu,7.6999,R2dLaQ1D
231FA0427,Student_427,1,2,student427@college.edu,8.8992,aflPz37Z
231FA0428,Student_428,4,2,student428@college.edu,5.5349,CKHQYIVw
231FA0429,Student_429,1,1,student429@college.edu,8.8051,0xaucXB7
231FA0430,Student_430,4,2,student430@college.edu,7.7063,ncOkDvuq
231FA0431,Student_431,1,1,student431@college.edu,9.815,lzq9UqYy
231FA0432,Student_432,2,1,student432@college.edu,6.7094,lfC5NF0K
231FA0433,Student_433,1,2,student433@college.edu,8.1631,StWJkaz2
231FA0434,Student_434,4,1,student434@college.edu,9.6601,wOjS7MhA
231FA0435,Student_435,4,2,student435@college.edu,5.5125,mpUR2o9K
231FA0436,Student_436,4,1,student436@college.edu,9.6861,DblMxqJj
231FA0437,Student_437,4,2,student437@college.edu,8.4394,BJezdIqH
231FA0438,Student_438,4,2,student438@college.edu,5.3392,Vcb39iNU
231FA0439,Student_439,3,2,student439@college.edu,6.5048,CCslLWek
231FA0440,Student_440,3,1,student440@college.edu,8.5409,HAapW2BP
231FA0441,Student_441,1,2,student441@college.edu,5.3368,4XWh6hH7
231FA0442,Student_442,4,1,student442@college.edu,7.9109,5sAebemK
231FA0443,Student_443,1,2,student443@college.edu,6.7294,GsbpfBaa
231FA0444,Student_444,4,2,student444@college.edu,8.1046,Rjq0ytYt
231FA0445,Student_445,4,2,student445@college.edu,5.2287,6WJefzE1
231FA0446,Student_446,3,2,student446@college.edu,9.3577,asfKRwue
231FA0447,Student_447,3,1,student447@college.edu,9.8674,WBxSfd7u
231FA0448,Student_448,2,2,student448@college.edu,9.8444,4NZPekvY
231FA0449,Student_449,3,2,student449@college.edu,8.7483,uk5I3FNB
231FA0450,Student_450,2,1,student450@college.edu,5.6504,2sqaK9yY
231FA0451,Student_451,2,2,student451@college.edu,8.7913,wBSlYvY2
231FA0452,Student_452,2,2,student452@college.edu,5.1229,kuVZtC9R
231FA0453,Student_453,2,1,student453@college.edu,5.1106,dFq7wsrA
231FA0454,Student_454,2,2,student454@college.edu,6.6181,E4usedSj
231FA0455,Student_455,1,1,student455@college.edu,7.4432,61z3dgbq
231FA0456,Student_456,3,2,student456@college.edu,8.852,my587223
231FA0457,Student_457,2,2,student457@college.edu,8.4165,4VryD3Xh
231FA0458,Student_458,4,1,student458@college.edu,7.2295,8hNJpmgQ
231FA0459,Student_459,3,1,student459@college.edu,6.3681,keRVM0NS
231FA0460,Student_460,3,2,student460@college.edu,9.9856,BbTC59w1
231FA0461,Student_461,2,1,student461@college.edu,7.1309,vzOkDes6
231FA0462,Student_462,1,2,student462@college.edu,7.2569,gyRo4i80
231FA0463,Student_463,2,2,student463@college.edu,5.8181,pirvRV2f
231FA0464,Student_464,1,1,student464@college.edu,8.974,itzff8vD
231FA0465,Student_465,4,1,student465@college.edu,8.4684,U1z3XX4D
231FA0466,Student_466,3,1,student466@college.edu,6.1038,UmlXbyD3
231FA0467,Student_467,4,1,student467@college.edu,5.4119,otk6MGIM
231FA0468,Student_468,1,1,student468@college.edu,8.4025,NGb6JGEj
231FA0469,Student_469,1,2,student469@college.edu,8.2726,NGQYo23K
231FA0470,Student_470,4,1,student470@college.edu,6.3663,RCLM50QQ
231FA0471,Student_471,1,1,student471@college.edu,9.7543,Jbjim6gO
231FA0472,Student_472,4,2,student472@college.edu,5.7553,Czl6E5kC
231FA0473,Student_473,3,1,student473@college.edu,7.1617,PuX1k3ge
231FA0474,Student_474,4,1,student474@college.edu,9.7181,NeDXlr68
231FA0475,Student_475,3,1,student475@college.edu,7.0986,YH0vNcoO
231FA0476,Student_476,4,1,student476@college.edu,8.1926,yx8p351j
231FA0477,Student_477,1,2,student477@college.edu,6.988,np10E4Ky
231FA0478,Student_478,4,2,student478@college.edu,6.3711,pE4kJMtM
231FA0479,Student_479,1,1,student479@college.edu,9.9199,MkvdUhwW
231FA0480,Student_480,4,1,student480@college.edu,7.0467,j8wTGRMi
231FA0481,Student_481,4,2,student481@college.edu,9.4705,DHXwBr5Y
231FA0482,Student_482,2,1,student482@college.edu,6.1498,3N9XU2bg
231FA0483,Student_483,1,1,student483@college.edu,6.0655,n2MIMwUp
231FA0484,Student_484,2,1,student484@college.edu,5.1557,OVZw4OOd
231FA0485,Student_485,1,1,student485@college.edu,8.2583,YWYKR2rI
231FA0486,Student_486,2,2,student486@college.edu,6.8426,hd9KmsJJ
231FA0487,Student_487,3,1,student487@college.edu,9.3218,7mS4L6kS
231FA0488,Student_488,4,1,student488@college.edu,7.366,jt2juIpX
231FA0489,Student_489,1,1,student489@college.edu,9.841,PgZQrBXF
231FA0490,Student_490,1,2,student490@college.edu,5.9276,VyfsOATY
231FA0491,Student_491,4,1,student491@college.edu,9.3431,1oUo5exF
231FA0492,Student_492,1,2,student492@college.edu,8.883,4JjdJ6Pe
231FA0493,Student_493,1,2,student493@college.edu,8.8546,a2IXcSwm
231FA0494,Student_494,2,1,student494@college.edu,9.2239,5s6Df3zK
231FA0495,Student_495,1,2,student495@college.edu,8.8051,7p9pBNW0
231FA0496,Student_496,3,1,student496@college.edu,8.1311,jsmIT2XV
231FA0497,Student_497,3,2,student497@college.edu,5.6562,ptCq9N4w
231FA0498,Student_498,4,2,student498@college.edu,5.1626,webuYvTK
231FA0499,Student_499,1,2,student499@college.edu,9.6042,GTmYsz36
231FA0500,Student_500,4,2,student500@college.edu,8.0833,cyEW2JBw
231FA0501,Student_501,3,2,student501@college.edu,8.9827,rxqTaH0I
231FA0502,Student_502,1,2,student502@college.edu,7.4076,9IWkICBT
231FA0503,Student_503,1,1,student503@college.edu,5.5865,33iOQwWQ
231FA0504,Student_504,4,1,student504@college.edu,5.6259,L0hcAGl4
231FA0505,Student_505,3,2,student505@college.edu,8.4278,AVR7SPAr
231FA0506,Student_506,1,2,student506@college.edu,7.1515,TzmtGcps
231FA0507,Student_507,4,1,student507@college.edu,6.0026,gWM0IAOw
231FA0508,Student_508,3,1,student508@college.edu,7.458,MdIYi0mX
231FA0509,Student_509,4,1,student509@college.edu,5.321,crhwVGmh
231FA0510,Student_510,2,1,student510@college.edu,7.9099,zBUZsSQP
231FA0511,Student_511,1,1,student511@college.edu,6.345,ox8NlZlm
231FA0512,Student_512,2,1,student512@college.edu,8.9878,Toqdtsou
231FA0513,Student_513,3,1,student513@college.edu,6.5518,HwzvJRDA
231FA0514,Student_514,2,1,student514@college.edu,7.2761,Ybi62vVk
231FA0515,Student_515,2,1,student515@college.edu,5.0581,2CVeYaP4
231FA0516,Student_516,3,1,student516@college.edu,5.3622,Xx060gKu
231FA0517,Student_517,4,2,student517@college.edu,6.9625,0E4IIPeF
231FA0518,Student_518,2,2,student518@college.edu,7.3997,zpgrt6QY
231FA0519,Student_519,4,2,student519@college.edu,8.0001,vcy2dDFq
231FA0520,Student_520,2,1,student520@college.edu,6.4583,RyPi374U
231FA0521,Student_521,4,1,student521@college.edu,8.4749,m70fRq95
231FA0522,Student_522,3,2,student522@college.edu,9.3006,2M4HGeLb
231FA0523,Student_523,2,2,student523@college.edu,8.8993,qnlLSgUg
231FA0524,Student_524,3,2,student524@college.edu,5.1981,WCRch9Er
231FA0525,Student_525,2,2,student525@college.edu,7.4025,IoTvaTYI
231FA0526,Student_526,3,2,student526@college.edu,5.5247,KIUpqwlx
231FA0527,Student_527,3,2,student527@college.edu,6.2102,ED8Fu8Xv
231FA0528,Student_528,2,1,student528@college.edu,9.9333,zrG67ILZ
231FA0529,Student_529,2,2,student529@college.edu,5.7125,FvUn5cSz
231FA0530,Student_530,2,1,student530@college.edu,7.4944,grhxyTbZ
231FA0531,Student_531,1,2,student531@college.edu,8.0908,LtWxFbtR
231FA0532,Student_532,4,1,student532@college.edu,8.5123,7rqvv4JY
231FA0533,Student_533,1,2,student533@college.edu,7.7982,pC4dqfWN
231FA0534,Student_534,1,1,student534@college.edu,5.0489,fon4rgTz
231FA0535,Student_535,3,1,student535@college.edu,6.6323,0o46m13s
231FA0536,Student_536,2,1,student536@college.edu,7.5886,BKVzB2L2
231FA0537,Student_537,4,1,student537@college.edu,5.4393,89CMlpaC
231FA0538,Student_538,3,2,student538@college.edu,6.7531,YOpwzEzQ
231FA0539,Student_539,1,2,student539@college.edu,5.166,dykO3fl4
231FA0540,Student_540,2,1,student540@college.edu,5.3929,DbBOTwCv
231FA0541,Student_541,3,2,student541@college.edu,6.9846,OESHu2dv
231FA0542,Student_542,2,2,student542@college.edu,5.6636,yxBW4fnq
231FA0543,Student_543,3,2,student543@college.edu,7.8377,BvXF5v5I
231FA0544,Student_544,2,2,student544@college.edu,8.4473,p3CK3oaU
231FA0545,Student_545,1,1,student545@college.edu,9.0029,FXi5xgTo
231FA0546,Student_546,4,1,student546@college.edu,6.0008,HwOgP31k
231FA0547,Student_547,1,1,student547@college.edu,5.8374,i8A0J0kf
231FA0548,Student_548,4,1,student548@college.edu,5.5228,VX4qVGS8
231FA0549,Student_549,2,2,student549@college.edu,8.1822,o9LRXkBV
231FA0550,Student_550,3,2,student550@college.edu,8.5324,YhZ3mZUh
231FA0551,Student_551,1,2,student551@college.edu,5.1579,PGA6tCew
231FA0552,Student_552,4,1,student552@college.edu,9.6811,Et6wRsJO
231FA0553,Student_553,1,2,student553@college.edu,5.2599,8RcBQhK0
231FA0554,Student_554,4,1,student554@college.edu,7.7065,FJMcX5h1
231FA0555,Student_555,1,1,student555@college.edu,8.5453,4K4t0Wa5
231FA0556,Student_556,4,1,student556@college.edu,9.3548,GdEUuEfE
231FA0557,Student_557,4,1,student557@college.edu,8.5704,3ohEHMPW
231FA0558,Student_558,2,1,student558@college.edu,9.0086,PP6MKBd7
231FA0559,Student_559,4,1,student559@college.edu,6.6973,x1ayd1yG
231FA0560,Student_560,2,1,student560@college.edu,9.0741,WwTtPrg5
231FA0561,Student_561,4,2,student561@college.edu,5.4006,Ax4PjfST
231FA0562,Student_562,3,2,student562@college.edu,9.4741,YCoKxGuk
231FA0563,Student_563,3,2,student563@college.edu,7.738,V2UlfjSt
231FA0564,Student_564,3,1,student564@college.edu,9.0865,2f7HBkTa
231FA0565,Student_565,4,1,student565@college.edu,7.2616,pRlttpXx
231FA0566,Student_566,2,2,student566@college.edu,8.2179,tEUbcrOh
231FA0567,Student_567,2,1,student567@college.edu,7.632,LC8AebYI
231FA0568,Student_568,4,1,student568@college.edu,8.6579,bmGTNaxV
231FA0569,Student_569,3,1,student569@college.edu,5.4081,45Bmp1B4
231FA0570,Student_570,3,1,student570@college.edu,5.3018,ho3w6NeP
231FA0571,Student_571,2,2,student571@college.edu,6.2355,yanWfs3q
231FA0572,Student_572,3,2,student572@college.edu,5.7977,4raF0g8p
231FA0573,Student_573,1,2,student573@college.edu,9.3589,J0WogseC
231FA0574,Student_574,2,2,student574@college.edu,6.0961,tIGUBLlz
231FA0575,Student_575,3,1,student575@college.edu,9.8793,ws2Xxi5k
231FA0576,Student_576,2,1,student576@college.edu,6.6845,KLVNFMoC
231FA0577,Student_577,1,1,student577@college.edu,5.9106,06YRAeyh
231FA0578,Student_578,2,1,student578@college.edu,8.9485,Mw8l6EiN
231FA0579,Student_579,2,1,student579@college.edu,8.2935,smhDwwl7
231FA0580,Student_580,2,1,student580@college.edu,7.491,uLViQsIA
231FA0581,Student_581,2,2,student581@college.edu,7.7768,lo4CqNVk
231FA0582,Student_582,1,1,student582@college.edu,8.596,aZr2xeGF
231FA0583,Student_583,4,2,student583@college.edu,6.1423,TVZrsThw
231FA0584,Student_584,2,1,student584@college.edu,9.9817,SodirqTA
231FA0585,Student_585,2,1,student585@college.edu,9.874,Kjo6eTX4
231FA0586,Student_586,3,2,student586@college.edu,8.2516,WdF9fa77
231FA0587,Student_587,2,1,student587@college.edu,5.9977,bBBubXLI
231FA0588,Student_588,3,2,student588@college.edu,8.4011,3awOasqH
231FA0589,Student_589,4,2,student589@college.edu,5.361,u16AtRWR
231FA0590,Student_590,1,2,student590@college.edu,5.1533,prGkNw12
231FA0591,Student_591,1,2,student591@college.edu,6.2884,9I9ATbyG
231FA0592,Student_592,4,1,student592@college.edu,7.3131,k98iB4NL
231FA0593,Student_593,1,2,student593@college.edu,9.3414,F5HcDISr
231FA0594,Student_594,4,2,student594@college.edu,8.6358,Mca7M9N5
231FA0595,Student_595,4,2,student595@college.edu,8.7135,XAvFqiZr
231FA0596,Student_596,4,1,student596@college.edu,7.1275,tYb949DZ
231FA0597,Student_597,1,2,student597@college.edu,6.7297,rYdgK5Es
231FA0598,Student_598,3,2,student598@college.edu,6.8552,TiXKuZpD
231FA0599,Student_599,4,1,student599@college.edu,9.9382,fz2WOkpS
231FA0600,Student_600,2,1,student600@college.edu,5.2005,H0POlpxw
231FA0601,Student_601,1,2,student601@college.edu,9.3352,UAeKQxy8
231FA0602,Student_602,4,2,student602@college.edu,7.8934,OyTGD2ci
231FA0603,Student_603,4,2,student603@college.edu,7.1931,ODMAxxMk
231FA0604,Student_604,2,1,student604@college.edu,8.6263,wig8QHvO
231FA0605,Student_605,3,1,student605@college.edu,7.4333,NwJAl0OU
231FA0606,Student_606,3,1,student606@college.edu,9.3671,16uHKPpg
231FA0607,Student_607,3,2,student607@college.edu,9.5035,ie4mVkhJ
231FA0608,Student_608,4,2,student608@college.edu,7.1086,arWtnUNW
231FA0609,Student_609,4,2,student609@college.edu,6.3841,xXfIhPuV
231FA0610,Student_610,4,2,student610@college.edu,7.9618,0DaS2JIX
231FA0611,Student_611,1,1,student611@college.edu,9.5618,LbPfePeh
231FA0612,Student_612,2,2,student612@college.edu,6.0533,eNYK9AkU
231FA0613,Student_613,4,1,student613@college.edu,8.1148,LiIqXG0A
231FA0614,Student_614,2,2,student614@college.edu,8.1578,OnmHPPex
231FA0615,Student_615,2,1,student615@college.edu,8.6656,AophOk9c
231FA0616,Student_616,3,2,student616@college.edu,5.6578,QGkqNOGA
231FA0617,Student_617,1,1,student617@college.edu,8.5791,hXvSqsh6
231FA0618,Student_618,4,1,student618@college.edu,9.5452,xeBzcUfK
231FA0619,Student_619,3,2,student619@college.edu,5.8984,Qq6BqS1m
231FA0620,Student_620,3,2,student620@college.edu,6.1877,M57n4Nuw
231FA0621,Student_621,4,1,student621@college.edu,9.857,2RHeX4fX
231FA0622,Student_622,2,1,student622@college.edu,5.9049,SgI0UIKI
231FA0623,Student_623,3,2,student623@college.edu,9.2719,nLLNaEjp
231FA0624,Student_624,2,1,student624@college.edu,7.4614,Aluwed66
231FA0625,Student_625,1,1,student625@college.edu,6.2362,YYThTnl9
231FA0626,Student_626,2,2,student626@college.edu,9.3537,vyvcRr7v
231FA0627,Student_627,1,2,student627@college.edu,7.2265,InjEgoUH
231FA0628,Student_628,2,2,student628@college.edu,7.5741,KOF7Lcg1
231FA0629,Student_629,3,2,student629@college.edu,6.7962,l42ac9sV
231FA0630,Student_630,3,1,student630@college.edu,7.9648,xL9qHtXQ
231FA0631,Student_631,1,2,student631@college.edu,5.8176,CQgcEXKc
231FA0632,Student_632,4,1,student632@college.edu,6.9554,gUwKaDel
231FA0633,Student_633,1,1,student633@college.edu,9.8471,QpdKwGmj
231FA0634,Student_634,1,1,student634@college.edu,6.2907,XiFwuaIz
231FA0635,Student_635,2,1,student635@college.edu,8.2837,xtvs9HJy
231FA0636,Student_636,2,1,student636@college.edu,6.626,9UMTfAU7
231FA0637,Student_637,1,1,student637@college.edu,8.8674,q4AFK0O1
231FA0638,Student_638,3,2,student638@college.edu,5.6544,iaXFmts0
231FA0639,Student_639,2,2,student639@college.edu,9.8491,j0XuRAO8
231FA0640,Student_640,4,2,student640@college.edu,7.2689,fmJQme9i
231FA0641,Student_641,2,2,student641@college.edu,6.1803,N2nlTW4W
231FA0642,Student_642,2,2,student642@college.edu,5.3675,pUwzyUyz
231FA0643,Student_643,4,2,student643@college.edu,5.8488,5e6FUUVA
231FA0644,Student_644,1,1,student644@college.edu,7.5989,YoKPoFRa
231FA0645,Student_645,4,1,student645@college.edu,6.685,MAJBSEeZ
231FA0646,Student_646,1,2,student646@college.edu,9.1444,3zPpSBG0
231FA0647,Student_647,1,2,student647@college.edu,7.1544,f7KD9WlL
231FA0648,Student_648,1,1,student648@college.edu,6.2436,HtxdxiCJ
231FA0649,Student_649,4,1,student649@college.edu,8.0857,3n6JC6qd
231FA0650,Student_650,1,2,student650@college.edu,8.5339,pux6rckN
231FA0651,Student_651,3,2,student651@college.edu,5.8352,GI2TSIKT
231FA0652,Student_652,4,1,student652@college.edu,5.8381,bvfhOcaF
231FA0653,Student_653,3,2,student653@college.edu,5.1834,F4KxgqbN
231FA0654,Student_654,1,1,student654@college.edu,8.682,QN4N2mrV
231FA0655,Student_655,2,2,student655@college.edu,8.319,97OyWODU
231FA0656,Student_656,1,2,student656@college.edu,7.3732,apF7dPWu
231FA0657,Student_657,3,2,student657@college.edu,9.2209,jHp2BpGZ
231FA0658,Student_658,3,1,student658@college.edu,9.0284,NTf1BZUu
231FA0659,Student_659,4,1,student659@college.edu,7.9268,jqBdCpOu
231FA0660,Student_660,2,2,student660@college.edu,9.3414,6TXLxPQF
231FA0661,Student_661,4,1,student661@college.edu,6.0292,Q2MMj7sj
231FA0662,Student_662,3,2,student662@college.edu,5.5596,wUDyWF0M
231FA0663,Student_663,1,2,student663@college.edu,6.3487,5nWUJ0ar
231FA0664,Student_664,2,2,student664@college.edu,5.2854,itjyM07I
231FA0665,Student_665,1,1,student665@college.edu,7.6558,l39DlHwo
231FA0666,Student_666,1,1,student666@college.edu,9.683,ICVHmCnl
231FA0667,Student_667,2,1,student667@college.edu,5.1967,ngiRwryA
231FA0668,Student_668,4,2,student668@college.edu,5.6105,MfNO4RNJ
231FA0669,Student_669,1,2,student669@college.edu,7.261,X4EBki5c
231FA0670,Student_670,3,1,student670@college.edu,9.6694,yCyT3zBw
231FA0671,Student_671,1,1,student671@college.edu,6.5808,at5ZRrZh
231FA0672,Student_672,2,1,student672@college.edu,7.5362,ptjH4M3e
231FA0673,Student_673,2,1,student673@college.edu,5.2079,O0lRJOlo
231FA0674,Student_674,2,2,student674@college.edu,5.7417,jLLbXnAi
231FA0675,Student_675,4,2,student675@college.edu,9.9332,gtt5w5Rt
231FA0676,Student_676,1,1,student676@college.edu,9.8256,4RCyMJ9t
231FA0677,Student_677,4,1,student677@college.edu,5.0247,J1YvBmQv
231FA0678,Student_678,4,1,student678@college.edu,9.7591,PiEBGjma
231FA0679,Student_679,2,1,student679@college.edu,8.1956,cKIkkVad
231FA0680,Student_680,2,1,student680@college.edu,9.3396,bXkDvt1I
231FA0681,Student_681,4,2,student681@college.edu,7.2737,AaaRCs3X
231FA0682,Student_682,1,2,student682@college.edu,7.578,5CFUUKzk
231FA0683,Student_683,3,1,student683@college.edu,7.4442,2Q4HhDGT
231FA0684,Student_684,4,1,student684@college.edu,8.3343,7NEuiL3w
231FA0685,Student_685,1,1,student685@college.edu,5.6983,Q7slY6CV
231FA0686,Student_686,2,1,student686@college.edu,5.1499,DqgussV2
231FA0687,Student_687,2,2,student687@college.edu,6.5396,oomhz069
231FA0688,Student_688,1,2,student688@college.edu,8.5234,WAAdGoSI
231FA0689,Student_689,3,2,student689@college.edu,6.0093,7GgScjDl
231FA0690,Student_690,2,1,student690@college.edu,8.3672,55A5RcrJ
231FA0691,Student_691,2,1,student691@college.edu,9.8496,dOwVTgfS
231FA0692,Student_692,2,1,student692@college.edu,5.4695,AhkjmNCG
231FA0693,Student_693,1,1,student693@college.edu,8.363,1NF7i7ut
231FA0694,Student_694,4,2,student694@college.edu,7.2188,fufCR84I
231FA0695,Student_695,2,2,student695@college.edu,9.3407,vPmVdLko
231FA0696,Student_696,4,1,student696@college.edu,5.8857,0vQ9XmTc
231FA0697,Student_697,3,1,student697@college.edu,8.4631,tWETSS93
231FA0698,Student_698,2,2,student698@college.edu,9.1906,tdiuHsk0
231FA0699,Student_699,2,1,student699@college.edu,9.7231,4KnUJYq0
231FA0700,Student_700,3,1,student700@college.edu,8.4162,1AnWqBZz
231FA0701,Student_701,2,1,student701@college.edu,7.4859,lbNAcfXz
231FA0702,Student_702,4,1,student702@college.edu,8.0892,EfY2kPJz
231FA0703,Student_703,1,2,student703@college.edu,9.3445,kojKIYVl
231FA0704,Student_704,4,1,student704@college.edu,7.853,3T1JHTdW
231FA0705,Student_705,1,1,student705@college.edu,5.1519,2EGcT1NN
231FA0706,Student_706,1,2,student706@college.edu,9.6547,qajqWPaj
231FA0707,Student_707,4,2,student707@college.edu,8.4476,qYwMSppL
231FA0708,Student_708,4,1,student708@college.edu,8.3826,sJr6CVdx
231FA0709,Student_709,4,1,student709@college.edu,6.0784,Pms9IXRI
231FA0710,Student_710,4,1,student710@college.edu,8.2944,J2yk9oZH
231FA0711,Student_711,3,1,student711@college.edu,6.9693,58nGMs0w
231FA0712,Student_712,2,2,student712@college.edu,8.2562,rc5hPRC3
231FA0713,Student_713,1,2,student713@college.edu,5.533,8du1UroJ
231FA0714,Student_714,4,2,student714@college.edu,8.2892,pE8H5eFC
231FA0715,Student_715,4,2,student715@college.edu,9.9971,0bDChpzU
231FA0716,Student_716,4,1,student716@college.edu,5.2411,IRNFb37H
231FA0717,Student_717,3,1,student717@college.edu,9.8859,pIbYKpmO
231FA0718,Student_718,4,1,student718@college.edu,7.0345,9hBMkex4
231FA0719,Student_719,4,2,student719@college.edu,9.3538,uxUheXD4
231FA0720,Student_720,4,1,student720@college.edu,8.9119,gtD6yWVB
231FA0721,Student_721,2,2,student721@college.edu,7.8351,DMzw9d99
231FA0722,Student_722,3,1,student722@college.edu,8.6922,TdgJsKkZ
231FA0723,Student_723,4,2,student723@college.edu,9.3926,uM5Stpti
231FA0724,Student_724,1,1,student724@college.edu,7.0207,oI3DRb6I
231FA0725,Student_725,1,2,student725@college.edu,6.6352,y41AaDXI
231FA0726,Student_726,1,1,student726@college.edu,8.338,7oSIDFn4
231FA0727,Student_727,3,1,student727@college.edu,9.0392,ieGjwHL3
231FA0728,Student_728,3,2,student728@college.edu,8.8114,3aZK6FqN
231FA0729,Student_729,1,2,student729@college.edu,8.9891,CuyjLfa1
231FA0730,Student_730,4,2,student730@college.edu,7.1779,jnMdOtkx
231FA0731,Student_731,3,1,student731@college.edu,9.0892,0w5Vbf27
231FA0732,Student_732,1,1,student732@college.edu,5.601,w7VJ4md9
231FA0733,Student_733,1,2,student733@college.edu,7.7224,eNCUVGEz
231FA0734,Student_734,4,1,student734@college.edu,5.0288,IRlB7G4M
231FA0735,Student_735,2,2,student735@college.edu,6.6229,3GYRngpt
231FA0736,Student_736,3,2,student736@college.edu,6.8323,Y1tkLWeS
231FA0737,Student_737,4,2,student737@college.edu,6.9809,sh4OImsb
231FA0738,Student_738,1,1,student738@college.edu,8.4773,AWjlKHbA
231FA0739,Student_739,1,1,student739@college.edu,6.9428,d5XW3ucX
231FA0740,Student_740,4,1,student740@college.edu,7.2435,mAUNFdXu
231FA0741,Student_741,3,2,student741@college.edu,6.1877,5l3MAVZQ
231FA0742,Student_742,2,2,student742@college.edu,6.8663,rRarTPjq
231FA0743,Student_743,2,2,student743@college.edu,6.1363,S2fZSezx
231FA0744,Student_744,1,1,student744@college.edu,5.366,7PYPMmsM
231FA0745,Student_745,3,1,student745@college.edu,8.0172,Re1eJFlr
231FA0746,Student_746,2,1,student746@college.edu,8.3411,ahSX5aHN
231FA0747,Student_747,3,2,student747@college.edu,8.0975,4lXIFyaN
231FA0748,Student_748,3,2,student748@college.edu,7.3175,RsjeZ5or
231FA0749,Student_749,1,2,student749@college.edu,6.8989,2LCfexeW
231FA0750,Student_750,2,2,student750@college.edu,9.3167,mBxrfp24
231FA0751,Student_751,4,2,student751@college.edu,7.5954,5MNuGWlp
231FA0752,Student_752,1,1,student752@college.edu,7.3959,voUkYaEj
231FA0753,Student_753,2,1,student753@college.edu,5.1282,NguCEQoW
231FA0754,Student_754,2,1,student754@college.edu,6.7062,2FBrIuMQ
231FA0755,Student_755,2,1,student755@college.edu,6.901,cHgpqmUI
231FA0756,Student_756,2,1,student756@college.edu,6.9941,j4xgqI7z
231FA0757,Student_757,2,1,student757@college.edu,7.9009,XE711Gh4
231FA0758,Student_758,3,1,student758@college.edu,7.668,ZDyAeXrm
231FA0759,Student_759,1,1,student759@college.edu,8.0395,MefQQzpE
231FA0760,Student_760,3,1,student760@college.edu,8.8244,E61RRJmV
231FA0761,Student_761,4,2,student761@college.edu,9.0649,N9fflE3U
231FA0762,Student_762,2,2,student762@college.edu,8.5906,DCDWluD4
231FA0763,Student_763,1,2,student763@college.edu,9.7776,5hHSmMtJ
231FA0764,Student_764,2,2,student764@college.edu,5.0912,tAVDH0rL
231FA0765,Student_765,1,1,student765@college.edu,5.9789,EcHsjf6m
231FA0766,Student_766,3,2,student766@college.edu,5.0378,utxDu2u3
231FA0767,Student_767,1,1,student767@college.edu,8.2374,vlyv6JoA
231FA0768,Student_768,4,1,student768@college.edu,9.4902,LiRNFxFg
231FA0769,Student_769,4,1,student769@college.edu,6.2174,yfDNsX0z
231FA0770,Student_770,1,1,student770@college.edu,9.6352,NpCVenQY
231FA0771,Student_771,1,1,student771@college.edu,5.3013,8v07HsaL
231FA0772,Student_772,1,2,student772@college.edu,9.6722,6E5U0mYB
231FA0773,Student_773,1,2,student773@college.edu,6.7581,HBU2KZu2
231FA0774,Student_774,4,1,student774@college.edu,5.5071,TOjf4tvT
231FA0775,Student_775,2,1,student775@college.edu,7.4294,763V9Z2M
231FA0776,Student_776,1,1,student776@college.edu,6.2839,UAiMPT3B
231FA0777,Student_777,1,2,student777@college.edu,6.4244,nIspFQxa
231FA0778,Student_778,4,2,student778@college.edu,6.5364,FsbByF8F
231FA0779,Student_779,4,1,student779@college.edu,9.0151,d3RCnLxC
231FA0780,Student_780,3,2,student780@college.edu,7.6958,GHSqBxx1
231FA0781,Student_781,1,1,student781@college.edu,6.5565,a8impWIw
231FA0782,Student_782,3,1,student782@college.edu,8.0517,s53DQwME
231FA0783,Student_783,4,2,student783@college.edu,8.5808,5iq89bKi
231FA0784,Student_784,4,1,student784@college.edu,6.3631,7qVdLtEQ
231FA0785,Student_785,2,2,student785@college.edu,7.0677,XRBmpNy0
231FA0786,Student_786,1,1,student786@college.edu,5.6094,87inhvwp
231FA0787,Student_787,3,1,student787@college.edu,5.9057,Ks2EcqrV
231FA0788,Student_788,4,1,student788@college.edu,8.4056,kvd4m5qk
231FA0789,Student_789,4,1,student789@college.edu,5.9072,aOSg9EXI
231FA0790,Student_790,3,1,student790@college.edu,7.6258,mfXoAXlN
231FA0791,Student_791,2,2,student791@college.edu,8.5452,rL2Swg8F
231FA0792,Student_792,4,2,student792@college.edu,5.5344,ppYakcQ9
231FA0793,Student_793,1,1,student793@college.edu,7.8366,6IstT8xH
231FA0794,Student_794,4,1,student794@college.edu,6.2828,TMJIPS3Q
231FA0795,Student_795,1,2,student795@college.edu,9.8146,BBTybcpb
231FA0796,Student_796,3,1,student796@college.edu,7.4177,hFKQfExs
231FA0797,Student_797,1,1,student797@college.edu,9.03,4YukaWRM
231FA0798,Student_798,3,1,student798@college.edu,7.7511,sNaEZ0zU
231FA0799,Student_799,1,2,student799@college.edu,5.2171,WtfkIfIF
231FA0800,Student_800,3,2,student800@college.edu,8.1658,eT2FvF6p
231FA0801,Student_801,1,1,student801@college.edu,9.757,OSLpbknX
231FA0802,Student_802,2,1,student802@college.edu,8.0081,Mn9KyRtb
231FA0803,Student_803,1,1,student803@college.edu,9.0959,WWs1sQ2h
231FA0804,Student_804,1,2,student804@college.edu,9.421,InSjqXbv
231FA0805,Student_805,2,2,student805@college.edu,6.1404,SPM9JvRO
231FA0806,Student_806,4,2,student806@college.edu,6.0602,ARmbnKPN
231FA0807,Student_807,4,2,student807@college.edu,8.0549,W51kgmI5
231FA0808,Student_808,1,2,student808@college.edu,7.0551,c9PzOapt
231FA0809,Student_809,2,2,student809@college.edu,9.1993,VKSYcb8F
231FA0810,Student_810,1,1,student810@college.edu,9.5001,ZWNBS0jR
231FA0811,Student_811,3,1,student811@college.edu,6.7671,ojmSt4VC
231FA0812,Student_812,3,2,student812@college.edu,6.1844,BxqyxORK
231FA0813,Student_813,1,2,student813@college.edu,8.9026,V6gjCn1Z
231FA0814,Student_814,4,1,student814@college.edu,6.374,AzdNlbut
231FA0815,Student_815,4,2,student815@college.edu,9.1131,FbgCQnkZ
231FA0816,Student_816,1,2,student816@college.edu,7.1187,ZXVYiEZf
231FA0817,Student_817,1,2,student817@college.edu,8.3377,5RzIqq2k
231FA0818,Student_818,3,2,student818@college.edu,5.4777,FLU9YkIB
231FA0819,Student_819,4,1,student819@college.edu,8.1193,PQU5OPUI
231FA0820,Student_820,1,1,student820@college.edu,7.2588,aSkVd7OB
231FA0821,Student_821,3,1,student821@college.edu,7.933,ByKyggN6
231FA0822,Student_822,4,1,student822@college.edu,5.8401,R7IKSY9M
231FA0823,Student_823,2,1,student823@college.edu,8.6844,b43pZJAH
231FA0824,Student_824,3,1,student824@college.edu,9.314,sAWrhjxz
231FA0825,Student_825,4,2,student825@college.edu,6.0837,96qtCvJ2
231FA0826,Student_826,4,1,student826@college.edu,5.4786,kn9YWnqj
231FA0827,Student_827,3,2,student827@college.edu,5.1182,3tvXGNfT
231FA0828,Student_828,2,2,student828@college.edu,8.2099,yInJaKRT
231FA0829,Student_829,3,2,student829@college.edu,8.0355,zpTdrRMc
231FA0830,Student_830,4,1,student830@college.edu,7.7335,ulW0ob4q
231FA0831,Student_831,1,2,student831@college.edu,6.1597,JyeTpR3z
231FA0832,Student_832,1,1,student832@college.edu,6.9545,4pCmbYAa
231FA0833,Student_833,3,2,student833@college.edu,7.9724,kCN6GUdb
231FA0834,Student_834,4,2,student834@college.edu,7.4838,dEiuhN1L
231FA0835,Student_835,1,2,student835@college.edu,9.9389,GjxZ70pT
231FA0836,Student_836,4,2,student836@college.edu,5.6822,D9LnGQS6
231FA0837,Student_837,3,1,student837@college.edu,8.4757,GmadqMbn
231FA0838,Student_838,1,1,student838@college.edu,7.0216,wTAtwz1u
231FA0839,Student_839,4,1,student839@college.edu,7.141,ijEbrDkQ
231FA0840,Student_840,1,2,student840@college.edu,8.588,qPnL1JyQ
231FA0841,Student_841,3,2,student841@college.edu,8.4622,pz99MCLD
231FA0842,Student_842,4,1,student842@college.edu,9.9563,JFXSBKDv
231FA0843,Student_843,1,2,student843@college.edu,5.642,aUmNxExl
231FA0844,Student_844,3,2,student844@college.edu,5.5205,MptzoxGZ
231FA0845,Student_845,1,2,student845@college.edu,8.6217,YiwT0mbA
231FA0846,Student_846,1,2,student846@college.edu,7.8919,UoCHB3C8
231FA0847,Student_847,2,2,student847@college.edu,6.3708,lsJ9sySX
231FA0848,Student_848,2,1,student848@college.edu,5.3971,ehkXyEJT
231FA0849,Student_849,3,2,student849@college.edu,5.4283,lDFfSLh5
231FA0850,Student_850,2,2,student850@college.edu,9.471,kUJIEGmG
231FA0851,Student_851,3,1,student851@college.edu,5.9593,0OYufkkq
231FA0852,Student_852,2,2,student852@college.edu,6.6169,vvrHU2If
231FA0853,Student_853,1,2,student853@college.edu,6.1333,ht8VAmDB
231FA0854,Student_854,3,2,student854@college.edu,6.775,0vLQ0ohp
231FA0855,Student_855,3,1,student855@college.edu,5.3471,ZQ7SDTmS
231FA0856,Student_856,1,2,student856@college.edu,7.5953,OnWXzlBU
231FA0857,Student_857,3,2,student857@college.edu,5.3381,V6ROOs6P
231FA0858,Student_858,3,2,student858@college.edu,9.0018,m1oHr3EB
231FA0859,Student_859,2,2,student859@college.edu,6.1686,3wcFBgGA
231FA0860,Student_860,3,1,student860@college.edu,7.7001,0DZcTb3A
231FA0861,Student_861,4,2,student861@college.edu,9.4004,UsvxoWXt
231FA0862,Student_862,1,2,student862@college.edu,8.2544,XEmbeNFD
231FA0863,Student_863,2,2,student863@college.edu,7.6648,mjR7EkiA
231FA0864,Student_864,2,1,student864@college.edu,6.6217,ZUfnf4Zt
231FA0865,Student_865,4,2,student865@college.edu,6.665,sdYbpYXr
231FA0866,Student_866,1,1,student866@college.edu,8.3474,Bbr26E2z
231FA0867,Student_867,1,2,student867@college.edu,9.9707,kxdY12H7
231FA0868,Student_868,2,2,student868@college.edu,8.3092,OjAhmf2Y
231FA0869,Student_869,3,2,student869@college.edu,7.7889,n4dC2DUV
231FA0870,Student_870,2,1,student870@college.edu,8.6533,8xf4clct
231FA0871,Student_871,1,2,student871@college.edu,7.326,HWekaFpO
231FA0872,Student_872,4,1,student872@college.edu,5.3007,KqJjHsXk
231FA0873,Student_873,2,2,student873@college.edu,7.8115,EZJqByFz
231FA0874,Student_874,1,2,student874@college.edu,9.7881,EMAe1fpN
231FA0875,Student_875,2,1,student875@college.edu,5.8765,Ek1L8ofn
231FA0876,Student_876,3,1,student876@college.edu,8.45,DiLddq1t
231FA0877,Student_877,2,1,student877@college.edu,6.0047,CPt0wde5
231FA0878,Student_878,2,1,student878@college.edu,7.6791,yyoLs8pH
231FA0879,Student_879,1,2,student879@college.edu,5.4834,Cylko3En
231FA0880,Student_880,1,1,student880@college.edu,7.2519,7PdKQMvG
231FA0881,Student_881,1,2,student881@college.edu,8.7808,5mab3Ppj
231FA0882,Student_882,2,2,student882@college.edu,6.7379,XneFgmdj
231FA0883,Student_883,3,1,student883@college.edu,8.3246,0RP0IMPd
231FA0884,Student_884,4,1,student884@college.edu,8.9772,4FLBHW7R
231FA0885,Student_885,4,2,student885@college.edu,9.6359,HwPjAXgq
231FA0886,Student_886,1,1,student886@college.edu,6.1732,o7HFY2vG
231FA0887,Student_887,1,2,student887@college.edu,6.9966,tbnWQW1D
231FA0888,Student_888,2,2,student888@college.edu,5.7621,DjbydJxG
231FA0889,Student_889,4,1,student889@college.edu,9.9624,AkhhURpb
231FA0890,Student_890,1,1,student890@college.edu,9.635,nddncPdL
231FA0891,Student_891,3,2,student891@college.edu,7.6998,96Gs3GIY
231FA0892,Student_892,3,2,student892@college.edu,9.2102,WGiObpa7
231FA0893,Student_893,1,2,student893@college.edu,7.6048,wcFY2azh
231FA0894,Student_894,1,2,student894@college.edu,8.1179,bxXd3tJM
231FA0895,Student_895,4,1,student895@college.edu,5.4456,Uvnk4e5k
231FA0896,Student_896,4,1,student896@college.edu,8.7764,xuefTbIA
231FA0897,Student_897,2,1,student897@college.edu,5.6386,0EN0NaMR
231FA0898,Student_898,4,1,student898@college.edu,9.1303,fCqNsdjj
231FA0899,Student_899,3,1,student899@college.edu,8.9101,qDSexAwO
231FA0900,Student_900,3,1,student900@college.edu,8.5437,zU3dQKFr
231FA0901,Student_901,1,2,student901@college.edu,5.1808,HpYdf7wl
231FA0902,Student_902,4,1,student902@college.edu,6.5156,V1olkxAx
231FA0903,Student_903,2,1,student903@college.edu,6.3156,g3iRi7rq
231FA0904,Student_904,3,2,student904@college.edu,6.8007,CKjtAEOP
231FA0905,Student_905,3,1,student905@college.edu,5.4382,4MmOJ7dq
231FA0906,Student_906,2,1,student906@college.edu,9.6848,Fr1WOMVo
231FA0907,Student_907,2,2,student907@college.edu,7.769,NhnsSvmA
231FA0908,Student_908,3,1,student908@college.edu,6.5276,M12TRV6S
231FA0909,Student_909,3,1,student909@college.edu,6.9849,Rl1Ifkfc
231FA0910,Student_910,2,1,student910@college.edu,7.236,6SjxCZyu
231FA0911,Student_911,3,1,student911@college.edu,8.003,1U2Hdm9j
231FA0912,Student_912,1,1,student912@college.edu,7.5784,V5Njg5tF
231FA0913,Student_913,1,1,student913@college.edu,9.597,tpz1pYUN
231FA0914,Student_914,2,2,student914@college.edu,7.4848,tdvwRg06
231FA0915,Student_915,4,2,student915@college.edu,9.9608,D5gr3KvJ
231FA0916,Student_916,2,1,student916@college.edu,9.2571,9RhUpTc5
231FA0917,Student_917,2,1,student917@college.edu,6.0426,VVYYvSlD
231FA0918,Student_918,4,1,student918@college.edu,9.653,RPL8hQh5
231FA0919,Student_919,4,1,student919@college.edu,5.5818,S9981TrW
231FA0920,Student_920,4,1,student920@college.edu,9.0872,fKYJrIzm
231FA0921,Student_921,1,1,student921@college.edu,6.9031,WzwdBF2T
231FA0922,Student_922,3,2,student922@college.edu,9.3899,WvjBrS2d
231FA0923,Student_923,1,1,student923@college.edu,9.3403,LLrBStZP
231FA0924,Student_924,3,1,student924@college.edu,9.0296,uQo4zMYx
231FA0925,Student_925,1,2,student925@college.edu,8.9502,Mu3tioGy
231FA0926,Student_926,3,2,student926@college.edu,6.5234,AjZkml8S
231FA0927,Student_927,1,1,student927@college.edu,5.4046,Fu6mUjSb
231FA0928,Student_928,4,1,student928@college.edu,7.0149,UfHwYlqz
231FA0929,Student_929,2,1,student929@college.edu,5.8676,BaQ1CWze
231FA0930,Student_930,1,1,student930@college.edu,8.4748,JUUqkjOb
231FA0931,Student_931,3,1,student931@college.edu,6.7305,GN8xRCUb
231FA0932,Student_932,4,1,student932@college.edu,9.8781,OvQHcCIE
231FA0933,Student_933,1,2,student933@college.edu,8.2049,X8smSxyd
231FA0934,Student_934,1,2,student934@college.edu,9.1124,UDEnp3fk
231FA0935,Student_935,4,2,student935@college.edu,5.6626,BDFLWg3z
231FA0936,Student_936,1,1,student936@college.edu,9.3101,t0RH0bSE
231FA0937,Student_937,2,1,student937@college.edu,9.6138,va83iB9w
231FA0938,Student_938,1,2,student938@college.edu,7.4353,tEgr2Z3i
231FA0939,Student_939,2,1,student939@college.edu,8.0313,4PVVNhG9
231FA0940,Student_940,2,2,student940@college.edu,8.824,u45u5yuP
231FA0941,Student_941,4,1,student941@college.edu,5.8742,dE7ONqzp
231FA0942,Student_942,1,1,student942@college.edu,7.5128,V7jGyZHV
231FA0943,Student_943,4,2,student943@college.edu,6.9933,pj9mqtNS
231FA0944,Student_944,1,2,student944@college.edu,5.7319,W3OjVqTp
231FA0945,Student_945,1,2,student945@college.edu,6.8377,qsOMr4H0
231FA0946,Student_946,3,2,student946@college.edu,5.3409,Hcs3G89k
231FA0947,Student_947,1,1,student947@college.edu,5.1291,taMjlqqv
231FA0948,Student_948,4,2,student948@college.edu,5.6758,6u2Q06Y6
231FA0949,Student_949,2,2,student949@college.edu,9.8156,VD8zmYnD
231FA0950,Student_950,1,2,student950@college.edu,7.7476,Q0jow9GP
231FA0951,Student_951,3,2,student951@college.edu,9.8291,dEOzN33P
231FA0952,Student_952,4,2,student952@college.edu,7.1625,Cl9V3K8A
231FA0953,Student_953,1,2,student953@college.edu,6.5591,31RZCsF7
231FA0954,Student_954,4,1,student954@college.edu,7.5307,o6dObpaE
231FA0955,Student_955,3,1,student955@college.edu,7.1976,AnZYItxb
231FA0956,Student_956,3,2,student956@college.edu,5.5283,vR7bkxlc
231FA0957,Student_957,4,1,student957@college.edu,8.2041,atXv56oW
231FA0958,Student_958,1,2,student958@college.edu,6.0802,MZrIiG4K
231FA0959,Student_959,2,1,student959@college.edu,8.0979,BmP6C4X3
231FA0960,Student_960,3,1,student960@college.edu,8.251,kavoqguR
231FA0961,Student_961,1,2,student961@college.edu,5.7601,Tnpfk3Qd
231FA0962,Student_962,1,2,student962@college.edu,5.3067,KZfjQbSo
231FA0963,Student_963,2,2,student963@college.edu,8.9038,vZQwIGpr
231FA0964,Student_964,3,2,student964@college.edu,7.299,JbatRBwS
231FA0965,Student_965,3,2,student965@college.edu,5.2908,z2CJ32Qk
231FA0966,Student_966,1,1,student966@college.edu,9.9743,IY4OOQqu
231FA0967,Student_967,1,2,student967@college.edu,5.2889,5s1qrxqY
231FA0968,Student_968,2,1,student968@college.edu,8.4752,RUnFJDeN
231FA0969,Student_969,2,2,student969@college.edu,9.9184,wjhQvGrx
231FA0970,Student_970,3,2,student970@college.edu,6.1959,nscOS6ut
231FA0971,Student_971,4,1,student971@college.edu,5.7112,diuLa0i7
231FA0972,Student_972,3,1,student972@college.edu,5.6069,3KsgZJqJ
231FA0973,Student_973,1,1,student973@college.edu,6.5164,MJydvP1b
231FA0974,Student_974,3,1,student974@college.edu,5.5052,j6Rp0npe
231FA0975,Student_975,4,2,student975@college.edu,8.4608,kOJlONpq
231FA0976,Student_976,2,1,student976@college.edu,5.3115,ILosf3f5
231FA0977,Student_977,4,2,student977@college.edu,7.5471,5XNSsiCL
231FA0978,Student_978,4,1,student978@college.edu,9.9835,Myn8WJuk
231FA0979,Student_979,4,2,student979@college.edu,9.0699,bOACGWOr
231FA0980,Student_980,2,2,student980@college.edu,8.0761,V1uWhSbb
231FA0981,Student_981,4,2,student981@college.edu,6.5313,Dgu1rHqb
231FA0982,Student_982,4,1,student982@college.edu,8.1195,bmxdZ5t3
231FA0983,Student_983,4,1,student983@college.edu,7.6352,WQha5n8q
231FA0984,Student_984,1,2,student984@college.edu,7.1304,VMxJY9zU
231FA0985,Student_985,4,1,student985@college.edu,5.6536,cpNBiPgE
231FA0986,Student_986,2,1,student986@college.edu,9.433,cGDTp2YT
231FA0987,Student_987,4,2,student987@college.edu,7.2489,ewpMVCN1
231FA0988,Student_988,4,1,student988@college.edu,5.9731,ce7g4ZLg
231FA0989,Student_989,2,2,student989@college.edu,6.8388,bPL2mJph
231FA0990,Student_990,4,2,student990@college.edu,7.0706,PKF3UG83
231FA0991,Student_991,2,1,student991@college.edu,9.1377,hZncCVOh
231FA0992,Student_992,4,2,student992@college.edu,8.6681,wKlR5dvn
231FA0993,Student_993,2,1,student993@college.edu,8.8465,076b0TTx
231FA0994,Student_994,4,2,student994@college.edu,5.0552,WkEKKqoN
231FA0995,Student_995,4,2,student995@college.edu,7.0808,jgWjwCRj
231FA0996,Student_996,1,2,student996@college.edu,7.4067,OyP5dH0X
231FA0997,Student_997,1,2,student997@college.edu,5.096,iqnT4jx5
231FA0998,Student_998,4,1,student998@college.edu,6.2991,aptcrUFC
231FA0999,Student_999,4,1,student999@college.edu,8.8014,D6HmAikj
231FA1000,Student_1000,3,1,student1000@college.edu,5.6855,gwBx6wx4
231FA1001,Student_1001,2,1,student1001@college.edu,7.6766,voafugYA
231FA1002,Student_1002,3,2,student1002@college.edu,6.076,ULiBmMFn
231FA1003,Student_1003,1,2,student1003@college.edu,5.0606,mxELW5qt
231FA1004,Student_1004,1,2,student1004@college.edu,6.206,wpU3n302
231FA1005,Student_1005,1,1,student1005@college.edu,9.8794,AKiuIZ7V
231FA1006,Student_1006,1,2,student1006@college.edu,9.0077,h6Q121YD
231FA1007,Student_1007,4,1,student1007@college.edu,9.7979,5NOeUOX1
231FA1008,Student_1008,1,2,student1008@college.edu,7.4393,vlWMvKv2
231FA1009,Student_1009,4,1,student1009@college.edu,5.5487,ydrYzxHt
231FA1010,Student_1010,4,1,student1010@college.edu,7.7398,3fO5mRfF
231FA1011,Student_1011,1,1,student1011@college.edu,7.2719,oYhUmjLK
231FA1012,Student_1012,1,2,student1012@college.edu,9.2218,K6aT4Ysp
231FA1013,Student_1013,2,1,student1013@college.edu,5.4904,KP5Na1Hw
231FA1014,Student_1014,3,2,student1014@college.edu,7.4412,VEgFUgwn
231FA1015,Student_1015,1,2,student1015@college.edu,5.7502,JAuV4M9j
231FA1016,Student_1016,2,1,student1016@college.edu,6.6234,vkVxl3Xs
231FA1017,Student_1017,2,2,student1017@college.edu,8.6868,fDDK1Siq
231FA1018,Student_1018,3,2,student1018@college.edu,7.3801,BUcmtWIi
231FA1019,Student_1019,4,2,student1019@college.edu,6.8794,DCLSya2X
231FA1020,Student_1020,1,2,student1020@college.edu,6.9724,JnHJtFpP
231FA1021,Student_1021,3,1,student1021@college.edu,7.2972,IMV4Yv1b
231FA1022,Student_1022,1,1,student1022@college.edu,8.9251,7FVYopRt
231FA1023,Student_1023,2,1,student1023@college.edu,9.4604,uiZ2uzAX
231FA1024,Student_1024,2,1,student1024@college.edu,9.7767,BVh1jOzQ
231FA1025,Student_1025,4,1,student1025@college.edu,8.9345,2B2fzPcP
231FA1026,Student_1026,2,1,student1026@college.edu,6.577,F9gaAYYR
231FA1027,Student_1027,2,2,student1027@college.edu,8.4407,VB91BxLB
231FA1028,Student_1028,3,2,student1028@college.edu,7.188,goUY3JWI
231FA1029,Student_1029,1,1,student1029@college.edu,6.2734,MDy9JNNH
231FA1030,Student_1030,1,2,student1030@college.edu,9.2044,igDUFwzN
231FA1031,Student_1031,3,1,student1031@college.edu,5.1921,golfP487
231FA1032,Student_1032,4,1,student1032@college.edu,9.5088,LDfjWtKx
231FA1033,Student_1033,1,2,student1033@college.edu,7.3074,LsHLP3U9
231FA1034,Student_1034,2,2,student1034@college.edu,8.186,T2c0uOjw
231FA1035,Student_1035,1,1,student1035@college.edu,8.2968,2sLc6Lpp
231FA1036,Student_1036,2,2,student1036@college.edu,9.4756,iDbnN1Mr
231FA1037,Student_1037,4,1,student1037@college.edu,8.1833,jCAfg83u
231FA1038,Student_1038,3,1,student1038@college.edu,8.0697,Na1ATTWc
231FA1039,Student_1039,1,2,student1039@college.edu,5.3333,DLQg7g70
231FA1040,Student_1040,3,2,student1040@college.edu,7.592,tgXe9NpK
231FA1041,Student_1041,1,2,student1041@college.edu,5.7508,2wEar31Y
231FA1042,Student_1042,2,1,student1042@college.edu,8.6872,EozI5MDs
231FA1043,Student_1043,3,2,student1043@college.edu,7.5611,F7alEn1I
231FA1044,Student_1044,1,1,student1044@college.edu,8.4011,RXbF8qHs
231FA1045,Student_1045,2,2,student1045@college.edu,5.2084,6iemSO6p
231FA1046,Student_1046,3,2,student1046@college.edu,5.424,Y1QkSYCY
231FA1047,Student_1047,3,2,student1047@college.edu,8.5816,C7xWu5Eb
231FA1048,Student_1048,1,1,student1048@college.edu,5.3604,3rQuD3L5
231FA1049,Student_1049,1,2,student1049@college.edu,5.3563,2E2GqjD7
231FA1050,Student_1050,1,1,student1050@college.edu,5.0605,HveM5TuN
231FA1051,Student_1051,2,1,student1051@college.edu,9.7825,J8o0AqLz
231FA1052,Student_1052,1,1,student1052@college.edu,8.6875,PnHRoIho
231FA1053,Student_1053,3,1,student1053@college.edu,6.7663,ycvKFxzK
231FA1054,Student_1054,3,1,student1054@college.edu,6.4827,hXTqtlFy
231FA1055,Student_1055,1,1,student1055@college.edu,6.7485,zneeQkrj
231FA1056,Student_1056,1,1,student1056@college.edu,8.8733,Vvsb0oW4
231FA1057,Student_1057,4,2,student1057@college.edu,8.3069,E4ERct4D
231FA1058,Student_1058,3,1,student1058@college.edu,5.926,q3FFx89l
231FA1059,Student_1059,2,2,student1059@college.edu,5.8705,shrFA7bZ
231FA1060,Student_1060,4,1,student1060@college.edu,5.492,jGAIfMxa
231FA1061,Student_1061,1,1,student1061@college.edu,8.3015,K6MVa1ql
231FA1062,Student_1062,1,1,student1062@college.edu,8.8219,PPw4GQyN
231FA1063,Student_1063,3,1,student1063@college.edu,6.3252,FCpDJ0zW
231FA1064,Student_1064,1,1,student1064@college.edu,5.1047,WCVgmbaf
231FA1065,Student_1065,2,1,student1065@college.edu,5.4109,MZBSvLtb
231FA1066,Student_1066,3,2,student1066@college.edu,9.8393,NHjNZFNP
231FA1067,Student_1067,1,2,student1067@college.edu,6.4772,NzXvV8s5
231FA1068,Student_1068,3,2,student1068@college.edu,8.8461,zVwARwQL
231FA1069,Student_1069,1,2,student1069@college.edu,8.1233,89B63FWl
231FA1070,Student_1070,1,1,student1070@college.edu,6.9097,9js4u5De
231FA1071,Student_1071,1,2,student1071@college.edu,6.0284,FG0cCwLY
231FA1072,Student_1072,2,1,student1072@college.edu,5.6069,wCxDgQvC
231FA1073,Student_1073,2,1,student1073@college.edu,8.0751,nJE1dL36
231FA1074,Student_1074,3,2,student1074@college.edu,8.8732,0hC7OoGu
231FA1075,Student_1075,1,2,student1075@college.edu,8.2195,0lluHmK5
231FA1076,Student_1076,1,1,student1076@college.edu,7.6515,P3eVgBBq
231FA1077,Student_1077,2,2,student1077@college.edu,5.2098,oDltWjA1
231FA1078,Student_1078,1,2,student1078@college.edu,9.8424,LTB6LFoS
231FA1079,Student_1079,2,1,student1079@college.edu,8.9936,w2dOXcU2
231FA1080,Student_1080,1,2,student1080@college.edu,6.4641,daMySpg9
231FA1081,Student_1081,3,2,student1081@college.edu,9.8999,OfsMNIaO
231FA1082,Student_1082,1,2,student1082@college.edu,8.0094,0Hs5cpcm
231FA1083,Student_1083,1,2,student1083@college.edu,7.9121,gjJHOQqP
231FA1084,Student_1084,4,2,student1084@college.edu,8.7404,jTFIbGGZ
231FA1085,Student_1085,2,1,student1085@college.edu,9.0588,PfNFGEjk
231FA1086,Student_1086,1,2,student1086@college.edu,8.2824,egmDW0Os
231FA1087,Student_1087,1,1,student1087@college.edu,5.6405,EjXOMDLj
231FA1088,Student_1088,4,2,student1088@college.edu,6.6913,Z8FVBB1S
231FA1089,Student_1089,4,1,student1089@college.edu,9.6404,tNFjcUd7
231FA1090,Student_1090,2,2,student1090@college.edu,6.1231,HZCWmoeb
231FA1091,Student_1091,4,1,student1091@college.edu,6.8608,Rm7YimGH
231FA1092,Student_1092,3,1,student1092@college.edu,7.1604,aCXXS7oK
231FA1093,Student_1093,4,2,student1093@college.edu,7.197,6wgWz9Oi
231FA1094,Student_1094,3,1,student1094@college.edu,8.0647,C8qReeOk
231FA1095,Student_1095,2,2,student1095@college.edu,9.7154,ROxIRnHJ
231FA1096,Student_1096,2,2,student1096@college.edu,6.2035,zAZbzzUR
231FA1097,Student_1097,2,1,student1097@college.edu,5.6075,A0fCxLe7
231FA1098,Student_1098,2,2,student1098@college.edu,5.9874,tofz4vSV
231FA1099,Student_1099,2,2,student1099@college.edu,9.4346,1gE97iZ1
231FA1100,Student_1100,3,1,student1100@college.edu,8.2291,CrmzPFEk
231FA1101,Student_1101,3,1,student1101@college.edu,6.4295,RjxDrBsw
231FA1102,Student_1102,2,2,student1102@college.edu,9.0797,QFcUpBt4
231FA1103,Student_1103,4,2,student1103@college.edu,9.3068,fWQlBiHl
231FA1104,Student_1104,1,1,student1104@college.edu,9.2326,vsvyMl1E
231FA1105,Student_1105,2,1,student1105@college.edu,9.5946,CUE5dt25
231FA1106,Student_1106,4,2,student1106@college.edu,6.2612,iNHwNME6
231FA1107,Student_1107,1,1,student1107@college.edu,8.7752,JR1q5bFx
231FA1108,Student_1108,2,2,student1108@college.edu,7.3027,gBOzwZFC
231FA1109,Student_1109,2,2,student1109@college.edu,9.21,Tad1jA2P
231FA1110,Student_1110,3,1,student1110@college.edu,8.6425,UlyxJUZI
231FA1111,Student_1111,1,2,student1111@college.edu,8.8822,usoWSuwo
231FA1112,Student_1112,1,1,student1112@college.edu,8.2808,6ELXLYRv
231FA1113,Student_1113,4,2,student1113@college.edu,5.8871,iHB3rKr8
231FA1114,Student_1114,3,2,student1114@college.edu,7.7251,8kdQj5PT
231FA1115,Student_1115,3,1,student1115@college.edu,9.9233,fM9eSzgB
231FA1116,Student_1116,3,1,student1116@college.edu,9.6869,SxRXA5Uz
231FA1117,Student_1117,3,1,student1117@college.edu,5.2159,2BQdt6Li
231FA1118,Student_1118,1,2,student1118@college.edu,5.8241,cslqVIkv
231FA1119,Student_1119,1,1,student1119@college.edu,5.6586,aVVwAIOk
231FA1120,Student_1120,2,2,student1120@college.edu,8.6299,9mYDbDSI
231FA1121,Student_1121,2,2,student1121@college.edu,9.0889,TuWUNWb0
231FA1122,Student_1122,3,1,student1122@college.edu,6.0676,IfIH04Ln
231FA1123,Student_1123,3,1,student1123@college.edu,7.5293,oYiiPcyU
231FA1124,Student_1124,3,2,student1124@college.edu,9.2035,uPY6l2Jx
231FA1125,Student_1125,2,1,student1125@college.edu,8.664,8PIHb16F
231FA1126,Student_1126,4,1,student1126@college.edu,7.7112,Aku1pboJ
231FA1127,Student_1127,4,1,student1127@college.edu,7.9517,VBKcrj0q
231FA1128,Student_1128,2,2,student1128@college.edu,7.5418,2UGj8Br6
231FA1129,Student_1129,2,1,student1129@college.edu,6.4877,Jx801hVW
231FA1130,Student_1130,2,1,student1130@college.edu,7.8251,cArDDDuq
231FA1131,Student_1131,2,2,student1131@college.edu,8.4444,c1SVRu3y
231FA1132,Student_1132,2,2,student1132@college.edu,9.3666,QRt2sAcJ
231FA1133,Student_1133,2,1,student1133@college.edu,8.1815,WKTSjLOr
231FA1134,Student_1134,3,2,student1134@college.edu,8.8056,Z6X6j8LN
231FA1135,Student_1135,3,2,student1135@college.edu,5.8004,8TpEP1lx
231FA1136,Student_1136,3,1,student1136@college.edu,7.3078,5s1ktH55
231FA1137,Student_1137,3,2,student1137@college.edu,5.0467,zkMurQMz
231FA1138,Student_1138,2,2,student1138@college.edu,6.2334,YXcJc7JK
231FA1139,Student_1139,4,1,student1139@college.edu,8.6323,7bjkxtd1
231FA1140,Student_1140,1,2,student1140@college.edu,9.959,4HZdhjjS
231FA1141,Student_1141,2,1,student1141@college.edu,5.4959,2W0cEgZd
231FA1142,Student_1142,1,2,student1142@college.edu,7.0075,9sWIYtQI
231FA1143,Student_1143,4,2,student1143@college.edu,9.0004,ogDSGyqn
231FA1144,Student_1144,3,1,student1144@college.edu,6.0202,dJ6PCvIQ
231FA1145,Student_1145,4,1,student1145@college.edu,7.7754,yhu8gQtj
231FA1146,Student_1146,2,2,student1146@college.edu,8.6654,b9c9ahdY
231FA1147,Student_1147,3,2,student1147@college.edu,8.0799,ndHvcutR
231FA1148,Student_1148,2,1,student1148@college.edu,5.9401,TLvh67UI
231FA1149,Student_1149,3,2,student1149@college.edu,6.7769,v4ZAthHL
231FA1150,Student_1150,1,2,student1150@college.edu,8.919,Feix1d3u
231FA1151,Student_1151,1,1,student1151@college.edu,7.7711,N6EqFGaZ
231FA1152,Student_1152,1,1,student1152@college.edu,5.0261,3qGpae8b
231FA1153,Student_1153,4,1,student1153@college.edu,8.805,mEAED186
231FA1154,Student_1154,2,1,student1154@college.edu,5.1766,v2LQ2plT
231FA1155,Student_1155,4,2,student1155@college.edu,8.7287,NrjVRwAE
231FA1156,Student_1156,1,1,student1156@college.edu,6.0124,UAPXhISx
231FA1157,Student_1157,2,2,student1157@college.edu,9.7904,r7XxqslF
231FA1158,Student_1158,1,1,student1158@college.edu,6.8397,lU5EzgC9
231FA1159,Student_1159,4,2,student1159@college.edu,6.6347,t8HEh5Wf
231FA1160,Student_1160,4,2,student1160@college.edu,5.7444,dBI5Mo8e
231FA1161,Student_1161,4,1,student1161@college.edu,6.528,oQwIAAGB
231FA1162,Student_1162,1,1,student1162@college.edu,9.3833,r9lgzjKi
231FA1163,Student_1163,2,1,student1163@college.edu,9.9817,MHJ2pXEr
231FA1164,Student_1164,2,1,student1164@college.edu,6.8415,958Yvapu
231FA1165,Student_1165,1,2,student1165@college.edu,7.2431,ZQynJb3i
231FA1166,Student_1166,2,2,student1166@college.edu,8.6104,oevi0GBU
231FA1167,Student_1167,1,2,student1167@college.edu,9.431,Is4naKZo
231FA1168,Student_1168,2,1,student1168@college.edu,7.9652,pZOGPtUL
231FA1169,Student_1169,3,2,student1169@college.edu,6.9576,b70e8iSj
231FA1170,Student_1170,3,2,student1170@college.edu,7.0631,TqDvt4YK
231FA1171,Student_1171,4,1,student1171@college.edu,8.4781,bfc6zMws
231FA1172,Student_1172,3,1,student1172@college.edu,5.0161,YGi4pKhb
231FA1173,Student_1173,3,2,student1173@college.edu,8.0979,HH6EV2sH
231FA1174,Student_1174,3,1,student1174@college.edu,6.7775,oIH8lCuu
231FA1175,Student_1175,1,2,student1175@college.edu,8.971,KIwbGVSA
231FA1176,Student_1176,3,2,student1176@college.edu,5.465,It9BgtLQ
231FA1177,Student_1177,3,1,student1177@college.edu,7.941,sdXkpZ0x
231FA1178,Student_1178,4,1,student1178@college.edu,7.4049,KTNyiCo4
231FA1179,Student_1179,3,1,student1179@college.edu,8.2116,Grke5Urw
231FA1180,Student_1180,3,1,student1180@college.edu,5.3243,peCIvuqT
231FA1181,Student_1181,2,1,student1181@college.edu,7.8999,WKA0JtAv
231FA1182,Student_1182,4,2,student1182@college.edu,7.8074,a8mwQTrW
231FA1183,Student_1183,4,2,student1183@college.edu,7.8033,TPmdD148
231FA1184,Student_1184,4,1,student1184@college.edu,8.0174,44OX3Ohp
231FA1185,Student_1185,4,2,student1185@college.edu,8.3823,lf1NrXCf
231FA1186,Student_1186,4,2,student1186@college.edu,9.0249,4Jtho5fw
231FA1187,Student_1187,4,1,student1187@college.edu,6.3491,Wy8LuYHf
231FA1188,Student_1188,1,2,student1188@college.edu,9.1252,sYeWkjsa
231FA1189,Student_1189,3,1,student1189@college.edu,7.4913,GnB84Dym
231FA1190,Student_1190,4,1,student1190@college.edu,5.3853,zPITsuKV
231FA1191,Student_1191,3,2,student1191@college.edu,5.2928,bNk6e98C
231FA1192,Student_1192,3,1,student1192@college.edu,6.6712,ADhHGVpy
231FA1193,Student_1193,1,2,student1193@college.edu,8.9245,BSQAYLQV
231FA1194,Student_1194,4,2,student1194@college.edu,8.5384,FRsAV273
231FA1195,Student_1195,2,2,student1195@college.edu,8.9431,RWztdjhM
231FA1196,Student_1196,1,2,student1196@college.edu,7.5863,IydhPtIS
231FA1197,Student_1197,2,2,student1197@college.edu,7.201,5vVbRov1
231FA1198,Student_1198,3,1,student1198@college.edu,5.7373,s0sNEySn
231FA1199,Student_1199,3,1,student1199@college.edu,6.641,ipCl1kyB
231FA1200,Student_1200,1,2,student1200@college.edu,7.1701,Dy9ifev3
231FA1201,Student_1201,1,2,student1201@college.edu,5.443,MZHydQLF
231FA1202,Student_1202,2,2,student1202@college.edu,6.1031,79lduKyf
231FA1203,Student_1203,4,2,student1203@college.edu,7.9911,CVBIDoGu
231FA1204,Student_1204,2,2,student1204@college.edu,8.6783,sqMO6rWN
231FA1205,Student_1205,1,2,student1205@college.edu,9.9917,7FvuRgXb
231FA1206,Student_1206,2,2,student1206@college.edu,9.6656,fJXeYU1x
231FA1207,Student_1207,1,1,student1207@college.edu,8.2128,FWTyTSA4
231FA1208,Student_1208,2,1,student1208@college.edu,7.1062,ct5Dbuqw
231FA1209,Student_1209,1,1,student1209@college.edu,8.1809,5oCLL9Mb
231FA1210,Student_1210,1,1,student1210@college.edu,8.9283,KsExrkUL
231FA1211,Student_1211,1,2,student1211@college.edu,5.5917,Zbs1Rd3S
231FA1212,Student_1212,4,2,student1212@college.edu,7.0495,SzfmmjUx
231FA1213,Student_1213,2,2,student1213@college.edu,9.199,EAU7GOm2
231FA1214,Student_1214,2,2,student1214@college.edu,6.9192,HlxJdtQf
231FA1215,Student_1215,2,1,student1215@college.edu,7.8594,8d9gcwqM
231FA1216,Student_1216,1,2,student1216@college.edu,7.9388,OXk1gnaL
231FA1217,Student_1217,2,2,student1217@college.edu,5.9224,KN8qfFI3
231FA1218,Student_1218,2,2,student1218@college.edu,6.8112,gjAY7Jee
231FA1219,Student_1219,1,2,student1219@college.edu,6.6726,G3BZ8cga
231FA1220,Student_1220,3,1,student1220@college.edu,5.131,nPMWBh1t
231FA1221,Student_1221,1,1,student1221@college.edu,5.121,PXzVpwN2
231FA1222,Student_1222,2,1,student1222@college.edu,9.1585,fGkR2YdN
231FA1223,Student_1223,1,1,student1223@college.edu,6.3654,qjxKbKkN
231FA1224,Student_1224,3,2,student1224@college.edu,7.5904,H5ihbRlE
231FA1225,Student_1225,1,1,student1225@college.edu,6.4936,mC7tZHEz
231FA1226,Student_1226,2,2,student1226@college.edu,9.7034,9geDmvxM
231FA1227,Student_1227,3,2,student1227@college.edu,6.2965,VlWgMfAO
231FA1228,Student_1228,4,1,student1228@college.edu,7.1483,1un1rHcA
231FA1229,Student_1229,2,2,student1229@college.edu,9.3637,gU51dB25
231FA1230,Student_1230,3,2,student1230@college.edu,9.2097,8i3hDt9I
231FA1231,Student_1231,3,1,student1231@college.edu,5.9305,OtUnu9hj
231FA1232,Student_1232,4,1,student1232@college.edu,9.0132,eBZElqCC
231FA1233,Student_1233,1,1,student1233@college.edu,7.2909,qzVaas3w
231FA1234,Student_1234,1,2,student1234@college.edu,7.4148,RHTCXQV5
231FA1235,Student_1235,2,1,student1235@college.edu,5.6674,SjWgKJTf
231FA1236,Student_1236,4,1,student1236@college.edu,5.403,smzrtGzS
231FA1237,Student_1237,1,2,student1237@college.edu,8.6397,XjpzOCor
231FA1238,Student_1238,4,2,student1238@college.edu,7.4823,FqkfApbb
231FA1239,Student_1239,1,2,student1239@college.edu,7.1843,tirmEg6w
231FA1240,Student_1240,3,2,student1240@college.edu,8.6475,EJwSUIu2
231FA1241,Student_1241,1,2,student1241@college.edu,8.8276,nnImdo0Y
231FA1242,Student_1242,4,1,student1242@college.edu,5.7945,nn1s7J5T
231FA1243,Student_1243,3,1,student1243@college.edu,8.0511,lajATX6V
231FA1244,Student_1244,3,2,student1244@college.edu,5.6768,UvjXw5lB
231FA1245,Student_1245,3,2,student1245@college.edu,8.7569,hHCbBGRg
231FA1246,Student_1246,4,1,student1246@college.edu,8.2848,yTc5fWjD
231FA1247,Student_1247,2,1,student1247@college.edu,9.7831,ynZ9g7SE
231FA1248,Student_1248,2,2,student1248@college.edu,5.3448,rGWUVBbZ
231FA1249,Student_1249,2,2,student1249@college.edu,5.2853,6ILlZ2rS
231FA1250,Student_1250,4,1,student1250@college.edu,6.4109,NyLQ1lai
231FA1251,Student_1251,3,1,student1251@college.edu,6.3085,ehPob7sB
231FA1252,Student_1252,2,2,student1252@college.edu,6.2349,4xCh08NY
231FA1253,Student_1253,4,2,student1253@college.edu,9.5313,hBvjmPQd
231FA1254,Student_1254,2,2,student1254@college.edu,6.2477,Q0PIKWZ8
231FA1255,Student_1255,1,1,student1255@college.edu,6.3597,nQbOQPEo
231FA1256,Student_1256,2,1,student1256@college.edu,8.797,vGB6mD4F
231FA1257,Student_1257,2,1,student1257@college.edu,7.2487,I619mvrJ
231FA1258,Student_1258,3,1,student1258@college.edu,8.8836,bLwJrxcr
231FA1259,Student_1259,4,2,student1259@college.edu,5.3268,JM9BCCCE
231FA1260,Student_1260,3,1,student1260@college.edu,7.4379,gLDyvlSa
231FA1261,Student_1261,3,1,student1261@college.edu,5.1681,QGpAD0ZH
231FA1262,Student_1262,3,2,student1262@college.edu,5.3133,t5BKXRsQ
231FA1263,Student_1263,3,2,student1263@college.edu,9.5322,XRuQL0sr
231FA1264,Student_1264,3,2,student1264@college.edu,5.6962,R8AVgiiQ
231FA1265,Student_1265,2,1,student1265@college.edu,7.6621,wbuC3VJc
231FA1266,Student_1266,3,1,student1266@college.edu,7.0555,5nqzmhBg
231FA1267,Student_1267,3,1,student1267@college.edu,6.7367,K8lQg66F
231FA1268,Student_1268,4,2,student1268@college.edu,9.4992,7im6iKm4
231FA1269,Student_1269,1,2,student1269@college.edu,5.1091,4PoR80ky
231FA1270,Student_1270,2,1,student1270@college.edu,8.3189,wsfwFftM
231FA1271,Student_1271,2,2,student1271@college.edu,9.817,5nnjtvE2
231FA1272,Student_1272,2,1,student1272@college.edu,7.8008,nFz5uhAA
231FA1273,Student_1273,3,2,student1273@college.edu,9.6841,6QsToABV
231FA1274,Student_1274,3,1,student1274@college.edu,5.2613,enbCvSNq
231FA1275,Student_1275,3,1,student1275@college.edu,7.094,RNqDI51z
231FA1276,Student_1276,4,1,student1276@college.edu,6.3008,XvI2sjxC
231FA1277,Student_1277,1,1,student1277@college.edu,8.6541,3r4smhgC
231FA1278,Student_1278,3,1,student1278@college.edu,9.9065,5Om0TFnj
231FA1279,Student_1279,1,1,student1279@college.edu,6.2827,bmb5HhQV
231FA1280,Student_1280,4,2,student1280@college.edu,8.2709,u34MG0Up
231FA1281,Student_1281,2,1,student1281@college.edu,5.9905,HBsavaRJ
231FA1282,Student_1282,3,1,student1282@college.edu,7.8267,2F35UorN
231FA1283,Student_1283,1,2,student1283@college.edu,7.3197,DIROcQZz
231FA1284,Student_1284,1,1,student1284@college.edu,9.86,GdSmxKGc
231FA1285,Student_1285,3,2,student1285@college.edu,8.0426,ipBycfaT
231FA1286,Student_1286,2,1,student1286@college.edu,6.7475,GZXmHiWi
231FA1287,Student_1287,2,1,student1287@college.edu,5.5705,BYa1WVt9
231FA1288,Student_1288,2,1,student1288@college.edu,5.7562,p1Ij9vi9
231FA1289,Student_1289,4,2,student1289@college.edu,6.1266,7MztTaBc
231FA1290,Student_1290,1,1,student1290@college.edu,6.2548,HD0vft8D
231FA1291,Student_1291,1,2,student1291@college.edu,9.2531,GfpJ1dR8
231FA1292,Student_1292,1,2,student1292@college.edu,7.8061,izQ4Z6C7
231FA1293,Student_1293,4,2,student1293@college.edu,7.617,odTauKjD
231FA1294,Student_1294,1,2,student1294@college.edu,5.5738,UURpOTG7
231FA1295,Student_1295,4,2,student1295@college.edu,9.3007,fxgcXEid
231FA1296,Student_1296,2,1,student1296@college.edu,8.6141,zID8sgN2
231FA1297,Student_1297,3,2,student1297@college.edu,5.3383,w7TIA7x3
231FA1298,Student_1298,1,2,student1298@college.edu,8.5392,alAzjoQ1
231FA1299,Student_1299,1,2,student1299@college.edu,7.7177,Fo9mXWVg
231FA1300,Student_1300,2,1,student1300@college.edu,5.4086,fG5KJQH7
231FA1301,Student_1301,3,2,student1301@college.edu,7.2915,pVcIRppT
231FA1302,Student_1302,4,1,student1302@college.edu,7.4235,S4FqPvkS
231FA1303,Student_1303,3,1,student1303@college.edu,5.8289,os2jqfoB
231FA1304,Student_1304,2,1,student1304@college.edu,9.7285,3EFSik8R
231FA1305,Student_1305,2,1,student1305@college.edu,9.2499,49Uvj1Na
231FA1306,Student_1306,3,2,student1306@college.edu,8.3451,n1dINJA7
231FA1307,Student_1307,4,2,student1307@college.edu,7.3115,eZiQ1YVb
231FA1308,Student_1308,4,2,student1308@college.edu,7.0588,MHwdHBy2
231FA1309,Student_1309,1,2,student1309@college.edu,8.2549,RdxwzBAb
231FA1310,Student_1310,4,1,student1310@college.edu,7.7272,yaL9StZl
231FA1311,Student_1311,3,1,student1311@college.edu,5.3114,4AbHMFfo
231FA1312,Student_1312,2,1,student1312@college.edu,7.5625,1NbYGgQu
231FA1313,Student_1313,1,1,student1313@college.edu,9.032,jVCMvsdJ
231FA1314,Student_1314,1,1,student1314@college.edu,7.2962,HeniMIOT
231FA1315,Student_1315,2,2,student1315@college.edu,5.2598,6j3tysTF
231FA1316,Student_1316,4,2,student1316@college.edu,8.9314,Jho8Nyoz
231FA1317,Student_1317,2,2,student1317@college.edu,6.0068,bBma5OjD
231FA1318,Student_1318,4,1,student1318@college.edu,6.2931,ve8QvKTG
231FA1319,Student_1319,2,2,student1319@college.edu,5.8235,rxZVXtmo
231FA1320,Student_1320,3,2,student1320@college.edu,6.6511,LC8Bn5sh
231FA1321,Student_1321,4,1,student1321@college.edu,8.7838,AtguwzGT
231FA1322,Student_1322,3,2,student1322@college.edu,7.5969,1f6xtJ6F
231FA1323,Student_1323,1,2,student1323@college.edu,6.0244,u99tccKa
231FA1324,Student_1324,2,1,student1324@college.edu,9.3892,JX1dXge7
231FA1325,Student_1325,1,2,student1325@college.edu,9.3979,TP7Vfj6l
231FA1326,Student_1326,1,2,student1326@college.edu,9.3529,68i3RVrD
231FA1327,Student_1327,1,2,student1327@college.edu,6.194,lrZG3j9o
231FA1328,Student_1328,1,2,student1328@college.edu,7.2562,MvlOh97T
231FA1329,Student_1329,2,1,student1329@college.edu,9.9249,eJX5YG1Q
231FA1330,Student_1330,1,1,student1330@college.edu,8.8601,YCIcxOlW
231FA1331,Student_1331,2,2,student1331@college.edu,5.1358,epDMN2cq
231FA1332,Student_1332,2,2,student1332@college.edu,5.326,dMfkIlnk
231FA1333,Student_1333,3,2,student1333@college.edu,7.3197,rKIemqZ8
231FA1334,Student_1334,4,2,student1334@college.edu,9.5461,M6px0qRc
231FA1335,Student_1335,4,2,student1335@college.edu,7.6935,90pgbqcn
231FA1336,Student_1336,2,2,student1336@college.edu,7.4891,fMAxa7S6
231FA1337,Student_1337,3,2,student1337@college.edu,5.5274,np8k9k6l
231FA1338,Student_1338,2,1,student1338@college.edu,8.2839,HoLCK2AT
231FA1339,Student_1339,2,2,student1339@college.edu,9.1105,T7YwdjF7
231FA1340,Student_1340,2,1,student1340@college.edu,6.9021,yfFUBqss
231FA1341,Student_1341,3,1,student1341@college.edu,8.8781,ipxwxEyh
231FA1342,Student_1342,4,2,student1342@college.edu,9.8224,l1epecHk
231FA1343,Student_1343,3,1,student1343@college.edu,6.0188,It2fUBBa
231FA1344,Student_1344,1,2,student1344@college.edu,7.6166,nyNVzCwn
231FA1345,Student_1345,3,2,student1345@college.edu,6.4357,dq6XmBf6
231FA1346,Student_1346,3,2,student1346@college.edu,8.9643,wMDYonHu
231FA1347,Student_1347,3,2,student1347@college.edu,7.888,9NhLGRYt
231FA1348,Student_1348,3,2,student1348@college.edu,8.1729,8WtXSMWe
231FA1349,Student_1349,4,2,student1349@college.edu,8.9896,9RdRV89J
231FA1350,Student_1350,1,2,student1350@college.edu,6.9799,3BpvsVlI
231FA1351,Student_1351,4,2,student1351@college.edu,9.5755,qVLQ6QV0
231FA1352,Student_1352,4,2,student1352@college.edu,7.6651,LWjSRc45
231FA1353,Student_1353,3,2,student1353@college.edu,5.7898,I19UTh7U
231FA1354,Student_1354,2,1,student1354@college.edu,8.4795,1hcaYjtP
231FA1355,Student_1355,2,1,student1355@college.edu,8.9663,eRmxS7cV
231FA1356,Student_1356,4,1,student1356@college.edu,6.5838,NxdbFAP8
231FA1357,Student_1357,4,2,student1357@college.edu,9.2859,KAKbiEbk
231FA1358,Student_1358,3,2,student1358@college.edu,9.5307,pKt9WwHG
231FA1359,Student_1359,4,1,student1359@college.edu,6.3845,bITIJgbV
231FA1360,Student_1360,3,1,student1360@college.edu,9.9176,5WavQO6p
231FA1361,Student_1361,2,1,student1361@college.edu,5.7036,8jMxWjvO
231FA1362,Student_1362,2,2,student1362@college.edu,6.0101,s8Nz5gsL
231FA1363,Student_1363,1,1,student1363@college.edu,5.9211,xPYDqrY1
231FA1364,Student_1364,2,1,student1364@college.edu,9.4699,kfNr1oJ3
231FA1365,Student_1365,4,1,student1365@college.edu,8.2715,JuDBEEF9
231FA1366,Student_1366,2,1,student1366@college.edu,5.7605,Iv7jhgq0
231FA1367,Student_1367,3,1,student1367@college.edu,7.2016,FetlQm3p
231FA1368,Student_1368,2,2,student1368@college.edu,8.0765,fMo3lSVP
231FA1369,Student_1369,1,1,student1369@college.edu,5.4173,bUlxBkVQ
231FA1370,Student_1370,2,2,student1370@college.edu,9.4121,sRPNAtss
231FA1371,Student_1371,3,2,student1371@college.edu,9.018,s8pOHWpB
231FA1372,Student_1372,3,2,student1372@college.edu,7.526,St8GjTWr
231FA1373,Student_1373,4,1,student1373@college.edu,9.8356,hHrjPHZa
231FA1374,Student_1374,2,1,student1374@college.edu,7.0888,pXf2AiPO
231FA1375,Student_1375,3,2,student1375@college.edu,9.9206,SA5V3JhB
231FA1376,Student_1376,1,2,student1376@college.edu,8.3396,MWlZn4g2
231FA1377,Student_1377,4,1,student1377@college.edu,8.1734,59DutsuI
231FA1378,Student_1378,1,1,student1378@college.edu,5.8298,iDKr989P
231FA1379,Student_1379,2,2,student1379@college.edu,9.4096,a5nOtz19
231FA1380,Student_1380,2,2,student1380@college.edu,7.1374,iT7cN6iE
231FA1381,Student_1381,2,1,student1381@college.edu,5.8112,jHZMAWHu
231FA1382,Student_1382,4,2,student1382@college.edu,5.063,zN3A0bgj
231FA1383,Student_1383,3,2,student1383@college.edu,7.7988,TZXkXyMJ
231FA1384,Student_1384,4,1,student1384@college.edu,7.637,gpAjAD7j
231FA1385,Student_1385,1,2,student1385@college.edu,8.5968,LgZxH6tN
231FA1386,Student_1386,4,2,student1386@college.edu,9.4513,VVO083xk
231FA1387,Student_1387,1,1,student1387@college.edu,5.397,g8jHdqNZ
231FA1388,Student_1388,4,2,student1388@college.edu,8.6575,Vm7XwEjq
231FA1389,Student_1389,3,2,student1389@college.edu,5.9371,eNc3TgOb
231FA1390,Student_1390,1,2,student1390@college.edu,9.2909,a99Hfes3
231FA1391,Student_1391,2,2,student1391@college.edu,9.0953,m5PWScuM
231FA1392,Student_1392,2,1,student1392@college.edu,7.704,EnnKjFhc
231FA1393,Student_1393,4,1,student1393@college.edu,8.5512,E8sWCcWs
231FA1394,Student_1394,2,2,student1394@college.edu,6.5718,fj5CPzRO
231FA1395,Student_1395,1,1,student1395@college.edu,7.3558,OjhNz5VU
231FA1396,Student_1396,2,1,student1396@college.edu,9.1082,9t2zJDhI
231FA1397,Student_1397,3,1,student1397@college.edu,7.2963,EDJ3WXqT
231FA1398,Student_1398,3,2,student1398@college.edu,6.789,a6eXl3uV
231FA1399,Student_1399,4,1,student1399@college.edu,7.4711,rSR41YPv
231FA1400,Student_1400,1,2,student1400@college.edu,9.1412,d0EaADoR
231FA1401,Student_1401,3,1,student1401@college.edu,6.676,Y9Skh3PB
231FA1402,Student_1402,3,2,student1402@college.edu,5.8688,waA8PTNh
231FA1403,Student_1403,1,1,student1403@college.edu,8.5601,FYMpFBqp
231FA1404,Student_1404,2,1,student1404@college.edu,9.1299,7XoyM5iy
231FA1405,Student_1405,2,2,student1405@college.edu,5.5032,JCoZBm2m
231FA1406,Student_1406,4,1,student1406@college.edu,6.1994,D3lUUNMy
231FA1407,Student_1407,2,1,student1407@college.edu,5.7099,p58rxGQ4
231FA1408,Student_1408,1,2,student1408@college.edu,6.7397,gyHWKI1n
231FA1409,Student_1409,3,2,student1409@college.edu,7.2518,T8ASlanK
231FA1410,Student_1410,2,1,student1410@college.edu,8.7441,21yjUDu8
231FA1411,Student_1411,4,2,student1411@college.edu,8.2557,f1ykdeP2
231FA1412,Student_1412,2,1,student1412@college.edu,8.1046,hOBaO4zv
231FA1413,Student_1413,1,2,student1413@college.edu,6.7619,tUUff7h6
231FA1414,Student_1414,4,2,student1414@college.edu,9.2072,1bOkePBR
231FA1415,Student_1415,2,1,student1415@college.edu,7.3564,mPYbnhXV
231FA1416,Student_1416,4,1,student1416@college.edu,9.8955,faqeS8CR
231FA1417,Student_1417,1,2,student1417@college.edu,8.1707,4aBBCvbj
231FA1418,Student_1418,3,1,student1418@college.edu,5.6313,kCTdtdWb
231FA1419,Student_1419,1,1,student1419@college.edu,8.3809,UMMSY6J8
231FA1420,Student_1420,1,2,student1420@college.edu,6.6255,RruRkZUY
231FA1421,Student_1421,1,1,student1421@college.edu,8.4316,YukP4bIh
231FA1422,Student_1422,1,2,student1422@college.edu,5.3482,2oLNQNl2
231FA1423,Student_1423,3,2,student1423@college.edu,5.8744,FXmNovMP
231FA1424,Student_1424,3,2,student1424@college.edu,9.2787,GxiKTscZ
231FA1425,Student_1425,4,1,student1425@college.edu,6.1359,vciWA2XV
231FA1426,Student_1426,2,2,student1426@college.edu,9.1852,2XiCRr44
231FA1427,Student_1427,3,1,student1427@college.edu,6.3964,PEvWWuCD
231FA1428,Student_1428,3,2,student1428@college.edu,8.2144,qXbmphfl
231FA1429,Student_1429,2,2,student1429@college.edu,8.4708,8P6vJmGA
231FA1430,Student_1430,3,1,student1430@college.edu,7.5633,uwIDs8QT
231FA1431,Student_1431,1,2,student1431@college.edu,6.5266,cUxdJDZR
231FA1432,Student_1432,1,1,student1432@college.edu,6.0632,S1sqtDgB
231FA1433,Student_1433,2,1,student1433@college.edu,5.1659,lkSxwRLc
231FA1434,Student_1434,4,2,student1434@college.edu,6.5197,C2W1KbZj
231FA1435,Student_1435,4,2,student1435@college.edu,8.2658,55p55Adf
231FA1436,Student_1436,2,1,student1436@college.edu,9.6915,Bl7yKDrz
231FA1437,Student_1437,2,2,student1437@college.edu,9.356,kFegP31Q
231FA1438,Student_1438,1,1,student1438@college.edu,8.8303,HFdpku8X
231FA1439,Student_1439,4,2,student1439@college.edu,8.9422,NFTfAVj3
231FA1440,Student_1440,3,2,student1440@college.edu,8.3249,w6K5KCVn
231FA1441,Student_1441,1,1,student1441@college.edu,6.3014,sYCc93G6
231FA1442,Student_1442,2,1,student1442@college.edu,9.536,cLjkVECb
231FA1443,Student_1443,4,1,student1443@college.edu,8.3537,Ue9WLxSo
231FA1444,Student_1444,3,2,student1444@college.edu,7.8022,jDpTVZjY
231FA1445,Student_1445,3,1,student1445@college.edu,5.5549,TxHdpEyC
231FA1446,Student_1446,1,1,student1446@college.edu,7.2353,ebALL6Hc
231FA1447,Student_1447,4,2,student1447@college.edu,7.3018,M8yKsyrA
231FA1448,Student_1448,4,2,student1448@college.edu,9.3228,5HrLgdVk
231FA1449,Student_1449,2,2,student1449@college.edu,7.7332,XLR6zHCh
231FA1450,Student_1450,4,2,student1450@college.edu,6.902,tvP32SXs
231FA1451,Student_1451,4,1,student1451@college.edu,9.884,LRmTOLHM
231FA1452,Student_1452,1,2,student1452@college.edu,5.5536,9SyZ7bPP
231FA1453,Student_1453,4,2,student1453@college.edu,7.1127,TbrOEQZE
231FA1454,Student_1454,3,1,student1454@college.edu,5.2101,9tosSW7b
231FA1455,Student_1455,1,1,student1455@college.edu,8.6995,Q3fH7dVR
231FA1456,Student_1456,1,2,student1456@college.edu,9.5904,AVHnO8I5
231FA1457,Student_1457,2,2,student1457@college.edu,6.4002,BaTZSV6Z
231FA1458,Student_1458,4,2,student1458@college.edu,9.2917,wY2VqJhw
231FA1459,Student_1459,2,2,student1459@college.edu,6.4611,jgb0sqwI
231FA1460,Student_1460,3,2,student1460@college.edu,9.5539,AkpMhLY5
231FA1461,Student_1461,1,1,student1461@college.edu,8.7698,klOVCGkg
231FA1462,Student_1462,1,1,student1462@college.edu,9.0245,gGvPackO
231FA1463,Student_1463,1,1,student1463@college.edu,5.09,6yu4FceY
231FA1464,Student_1464,3,2,student1464@college.edu,9.8141,XnsJt5oT
231FA1465,Student_1465,3,2,student1465@college.edu,8.6334,rLEyMamB
231FA1466,Student_1466,2,1,student1466@college.edu,6.5238,XHdy3FLY
231FA1467,Student_1467,2,2,student1467@college.edu,9.147,W2QXXceZ
231FA1468,Student_1468,2,2,student1468@college.edu,6.4076,4SRuXM6u
231FA1469,Student_1469,4,1,student1469@college.edu,9.3638,bpg5Oapf
231FA1470,Student_1470,1,1,student1470@college.edu,5.5629,iwTPqEN3
231FA1471,Student_1471,1,1,student1471@college.edu,8.5184,8ommSxvA
231FA1472,Student_1472,2,2,student1472@college.edu,7.7035,VsfDKoeN
231FA1473,Student_1473,1,2,student1473@college.edu,5.4827,KGkPJ38q
231FA1474,Student_1474,2,2,student1474@college.edu,6.2095,ieo0rRzX
231FA1475,Student_1475,4,2,student1475@college.edu,5.062,XeFrEXtf
231FA1476,Student_1476,4,2,student1476@college.edu,7.3438,79d33i7q
231FA1477,Student_1477,3,2,student1477@college.edu,6.5063,bOB1FuON
231FA1478,Student_1478,4,2,student1478@college.edu,7.9918,HjQUlQr2
231FA1479,Student_1479,2,1,student1479@college.edu,6.4862,unHxFRwP
231FA1480,Student_1480,4,2,student1480@college.edu,6.4996,at08S3eB
231FA1481,Student_1481,3,2,student1481@college.edu,8.716,iaRoacOF
231FA1482,Student_1482,1,1,student1482@college.edu,5.2407,dFyWR9vy
231FA1483,Student_1483,2,1,student1483@college.edu,9.5145,bVRqzlqD
231FA1484,Student_1484,1,1,student1484@college.edu,9.2613,RS1vWkvG
231FA1485,Student_1485,3,2,student1485@college.edu,8.339,pZBuVx21
231FA1486,Student_1486,3,2,student1486@college.edu,7.9661,fCmVmym1
231FA1487,Student_1487,3,1,student1487@college.edu,9.4615,gVzLXAVB
231FA1488,Student_1488,1,1,student1488@college.edu,5.9267,wbcRGBnB
231FA1489,Student_1489,1,1,student1489@college.edu,5.3948,ZSjyOLYT
231FA1490,Student_1490,1,1,student1490@college.edu,6.1976,mEb73Syz
231FA1491,Student_1491,1,1,student1491@college.edu,8.9729,6ppIerIr
231FA1492,Student_1492,3,1,student1492@college.edu,5.1734,lWGov91h
231FA1493,Student_1493,3,2,student1493@college.edu,7.914,awfHf27x
231FA1494,Student_1494,2,1,student1494@college.edu,9.9772,vWmoTZ3w
231FA1495,Student_1495,2,2,student1495@college.edu,9.2785,vmfG82FN
231FA1496,Student_1496,1,1,student1496@college.edu,7.6072,a6rqtN3J
231FA1497,Student_1497,4,1,student1497@college.edu,5.3182,x5aK2svn
231FA1498,Student_1498,4,1,student1498@college.edu,9.1569,DcIxAP9e
231FA1499,Student_1499,3,1,student1499@college.edu,7.9949,A4lhcF80
231FA1500,Student_1500,3,1,student1500@college.edu,5.5747,wLL8feAD
